order_id,product_id,seller_id,quantity,unit_price_inr,line_revenue_inr
O000001,P0008,S008,2,1705,3410
O000002,P0015,S003,3,2589,7767
O000003,P0022,S010,4,3453,13812
O000004,P0029,S005,1,4298,4298
O000005,P0036,S012,2,5406,10812
O000006,P0003,S003,3,1055,3165
O000007,P0010,S010,4,1945,7780
O000008,P0017,S005,1,2816,2816
O000009,P0024,S012,2,3668,7336
O000010,P0031,S007,3,4748,14244
O000011,P0038,S002,4,5610,22440
O000012,P0005,S005,1,1301,1301
O000013,P0012,S012,2,2179,4358
O000014,P0019,S007,3,3038,9114
O000015,P0026,S002,4,4091,16364
O000016,P0033,S009,1,4959,4959
O000017,P0040,S004,2,5808,11616
O000018,P0007,S007,3,1542,4626
O000019,P0014,S002,4,2408,9632
O000020,P0021,S009,1,3433,3433
O000021,P0028,S004,2,4308,8616
O000022,P0035,S011,3,5164,15492
O000023,P0002,S002,4,905,3620
O000024,P0009,S009,1,1777,1777
O000025,P0016,S004,2,2775,5550
O000026,P0023,S011,3,3658,10974
O000027,P0030,S006,4,4520,18080
O000028,P0037,S001,1,5364,5364
O000029,P0004,S004,2,1147,2294
O000030,P0011,S011,3,2118,6354
O000031,P0018,S006,4,3007,12028
O000032,P0025,S001,1,3877,3877
O000033,P0032,S008,2,4727,9454
O000034,P0039,S003,3,5559,16677
O000035,P0006,S006,4,1460,5840
O000036,P0013,S001,1,2356,2356
O000037,P0020,S008,2,3233,6466
O000038,P0027,S003,3,4090,12270
O000039,P0034,S010,4,4928,19712
O000040,P0001,S001,1,803,803
O000041,P0008,S008,2,1705,3410
O000042,P0015,S003,3,2589,7767
O000043,P0022,S010,4,3453,13812
O000044,P0029,S005,1,4298,4298
O000045,P0036,S012,2,5406,10812
O000046,P0003,S003,3,1055,3165
O000047,P0010,S010,4,1945,7780
O000048,P0017,S005,1,2816,2816
O000049,P0024,S012,2,3668,7336
O000050,P0031,S007,3,4748,14244
O000051,P0038,S002,4,5610,22440
O000052,P0005,S005,1,1301,1301
O000053,P0012,S012,2,2179,4358
O000054,P0019,S007,3,3038,9114
O000055,P0026,S002,4,4091,16364
O000056,P0033,S009,1,4959,4959
O000057,P0040,S004,2,5808,11616
O000058,P0007,S007,3,1542,4626
O000059,P0014,S002,4,2408,9632
O000060,P0021,S009,1,3433,3433
O000061,P0028,S004,2,4308,8616
O000062,P0035,S011,3,5164,15492
O000063,P0002,S002,4,905,3620
O000064,P0009,S009,1,1777,1777
O000065,P0016,S004,2,2775,5550
O000066,P0023,S011,3,3658,10974
O000067,P0030,S006,4,4520,18080
O000068,P0037,S001,1,5364,5364
O000069,P0004,S004,2,1147,2294
O000070,P0011,S011,3,2118,6354
O000071,P0018,S006,4,3007,12028
O000072,P0025,S001,1,3877,3877
O000073,P0032,S008,2,4727,9454
O000074,P0039,S003,3,5559,16677
O000075,P0006,S006,4,1460,5840
O000076,P0013,S001,1,2356,2356
O000077,P0020,S008,2,3233,6466
O000078,P0027,S003,3,4090,12270
O000079,P0034,S010,4,4928,19712
O000080,P0001,S001,1,803,803
O000081,P0008,S008,2,1705,3410
O000082,P0015,S003,3,2589,7767
O000083,P0022,S010,4,3453,13812
O000084,P0029,S005,1,4298,4298
O000085,P0036,S012,2,5406,10812
O000086,P0003,S003,3,1055,3165
O000087,P0010,S010,4,1945,7780
O000088,P0017,S005,1,2816,2816
O000089,P0024,S012,2,3668,7336
O000090,P0031,S007,3,4748,14244
O000091,P0038,S002,4,5610,22440
O000092,P0005,S005,1,1301,1301
O000093,P0012,S012,2,2179,4358
O000094,P0019,S007,3,3038,9114
O000095,P0026,S002,4,4091,16364
O000096,P0033,S009,1,4959,4959
O000097,P0040,S004,2,5808,11616
O000098,P0007,S007,3,1542,4626
O000099,P0014,S002,4,2408,9632
O000100,P0021,S009,1,3433,3433
O000101,P0028,S004,2,4308,8616
O000102,P0035,S011,3,5164,15492
O000103,P0002,S002,4,905,3620
O000104,P0009,S009,1,1777,1777
O000105,P0016,S004,2,2775,5550
O000106,P0023,S011,3,3658,10974
O000107,P0030,S006,4,4520,18080
O000108,P0037,S001,1,5364,5364
O000109,P0004,S004,2,1147,2294
O000110,P0011,S011,3,2118,6354
O000111,P0018,S006,4,3007,12028
O000112,P0025,S001,1,3877,3877
O000113,P0032,S008,2,4727,9454
O000114,P0039,S003,3,5559,16677
O000115,P0006,S006,4,1460,5840
O000116,P0013,S001,1,2356,2356
O000117,P0020,S008,2,3233,6466
O000118,P0027,S003,3,4090,12270
O000119,P0034,S010,4,4928,19712
O000120,P0001,S001,1,803,803
O000121,P0008,S008,2,1705,3410
O000122,P0015,S003,3,2589,7767
O000123,P0022,S010,4,3453,13812
O000124,P0029,S005,1,4298,4298
O000125,P0036,S012,2,5406,10812
O000126,P0003,S003,3,1055,3165
O000127,P0010,S010,4,1945,7780
O000128,P0017,S005,1,2816,2816
O000129,P0024,S012,2,3668,7336
O000130,P0031,S007,3,4748,14244
O000131,P0038,S002,4,5610,22440
O000132,P0005,S005,1,1301,1301
O000133,P0012,S012,2,2179,4358
O000134,P0019,S007,3,3038,9114
O000135,P0026,S002,4,4091,16364
O000136,P0033,S009,1,4959,4959
O000137,P0040,S004,2,5808,11616
O000138,P0007,S007,3,1542,4626
O000139,P0014,S002,4,2408,9632
O000140,P0021,S009,1,3433,3433
O000141,P0028,S004,2,4308,8616
O000142,P0035,S011,3,5164,15492
O000143,P0002,S002,4,905,3620
O000144,P0009,S009,1,1777,1777
O000145,P0016,S004,2,2775,5550
O000146,P0023,S011,3,3658,10974
O000147,P0030,S006,4,4520,18080
O000148,P0037,S001,1,5364,5364
O000149,P0004,S004,2,1147,2294
O000150,P0011,S011,3,2118,6354
O000151,P0018,S006,4,3007,12028
O000152,P0025,S001,1,3877,3877
O000153,P0032,S008,2,4727,9454
O000154,P0039,S003,3,5559,16677
O000155,P0006,S006,4,1460,5840
O000156,P0013,S001,1,2356,2356
O000157,P0020,S008,2,3233,6466
O000158,P0027,S003,3,4090,12270
O000159,P0034,S010,4,4928,19712
O000160,P0001,S001,1,803,803
O000161,P0008,S008,2,1705,3410
O000162,P0015,S003,3,2589,7767
O000163,P0022,S010,4,3453,13812
O000164,P0029,S005,1,4298,4298
O000165,P0036,S012,2,5406,10812
O000166,P0003,S003,3,1055,3165
O000167,P0010,S010,4,1945,7780
O000168,P0017,S005,1,2816,2816
O000169,P0024,S012,2,3668,7336
O000170,P0031,S007,3,4748,14244
O000171,P0038,S002,4,5610,22440
O000172,P0005,S005,1,1301,1301
O000173,P0012,S012,2,2179,4358
O000174,P0019,S007,3,3038,9114
O000175,P0026,S002,4,4091,16364
O000176,P0033,S009,1,4959,4959
O000177,P0040,S004,2,5808,11616
O000178,P0007,S007,3,1542,4626
O000179,P0014,S002,4,2408,9632
O000180,P0021,S009,1,3433,3433
O000181,P0028,S004,2,4308,8616
O000182,P0035,S011,3,5164,15492
O000183,P0002,S002,4,905,3620
O000184,P0009,S009,1,1777,1777
O000185,P0016,S004,2,2775,5550
O000186,P0023,S011,3,3658,10974
O000187,P0030,S006,4,4520,18080
O000188,P0037,S001,1,5364,5364
O000189,P0004,S004,2,1147,2294
O000190,P0011,S011,3,2118,6354
O000191,P0018,S006,4,3007,12028
O000192,P0025,S001,1,3877,3877
O000193,P0032,S008,2,4727,9454
O000194,P0039,S003,3,5559,16677
O000195,P0006,S006,4,1460,5840
O000196,P0013,S001,1,2356,2356
O000197,P0020,S008,2,3233,6466
O000198,P0027,S003,3,4090,12270
O000199,P0034,S010,4,4928,19712
O000200,P0001,S001,1,803,803
O000201,P0008,S008,2,1705,3410
O000202,P0015,S003,3,2589,7767
O000203,P0022,S010,4,3453,13812
O000204,P0029,S005,1,4298,4298
O000205,P0036,S012,2,5406,10812
O000206,P0003,S003,3,1055,3165
O000207,P0010,S010,4,1945,7780
O000208,P0017,S005,1,2816,2816
O000209,P0024,S012,2,3668,7336
O000210,P0031,S007,3,4748,14244
O000211,P0038,S002,4,5610,22440
O000212,P0005,S005,1,1301,1301
O000213,P0012,S012,2,2179,4358
O000214,P0019,S007,3,3038,9114
O000215,P0026,S002,4,4091,16364
O000216,P0033,S009,1,4959,4959
O000217,P0040,S004,2,5808,11616
O000218,P0007,S007,3,1542,4626
O000219,P0014,S002,4,2408,9632
O000220,P0021,S009,1,3433,3433
O000221,P0028,S004,2,4308,8616
O000222,P0035,S011,3,5164,15492
O000223,P0002,S002,4,905,3620
O000224,P0009,S009,1,1777,1777
O000225,P0016,S004,2,2775,5550
O000226,P0023,S011,3,3658,10974
O000227,P0030,S006,4,4520,18080
O000228,P0037,S001,1,5364,5364
O000229,P0004,S004,2,1147,2294
O000230,P0011,S011,3,2118,6354
O000231,P0018,S006,4,3007,12028
O000232,P0025,S001,1,3877,3877
O000233,P0032,S008,2,4727,9454
O000234,P0039,S003,3,5559,16677
O000235,P0006,S006,4,1460,5840
O000236,P0013,S001,1,2356,2356
O000237,P0020,S008,2,3233,6466
O000238,P0027,S003,3,4090,12270
O000239,P0034,S010,4,4928,19712
O000240,P0001,S001,1,803,803
O000241,P0008,S008,2,1705,3410
O000242,P0015,S003,3,2589,7767
O000243,P0022,S010,4,3453,13812
O000244,P0029,S005,1,4298,4298
O000245,P0036,S012,2,5406,10812
O000246,P0003,S003,3,1055,3165
O000247,P0010,S010,4,1945,7780
O000248,P0017,S005,1,2816,2816
O000249,P0024,S012,2,3668,7336
O000250,P0031,S007,3,4748,14244
O000251,P0038,S002,4,5610,22440
O000252,P0005,S005,1,1301,1301
O000253,P0012,S012,2,2179,4358
O000254,P0019,S007,3,3038,9114
O000255,P0026,S002,4,4091,16364
O000256,P0033,S009,1,4959,4959
O000257,P0040,S004,2,5808,11616
O000258,P0007,S007,3,1542,4626
O000259,P0014,S002,4,2408,9632
O000260,P0021,S009,1,3433,3433
O000261,P0028,S004,2,4308,8616
O000262,P0035,S011,3,5164,15492
O000263,P0002,S002,4,905,3620
O000264,P0009,S009,1,1777,1777
O000265,P0016,S004,2,2775,5550
O000266,P0023,S011,3,3658,10974
O000267,P0030,S006,4,4520,18080
O000268,P0037,S001,1,5364,5364
O000269,P0004,S004,2,1147,2294
O000270,P0011,S011,3,2118,6354
O000271,P0018,S006,4,3007,12028
O000272,P0025,S001,1,3877,3877
O000273,P0032,S008,2,4727,9454
O000274,P0039,S003,3,5559,16677
O000275,P0006,S006,4,1460,5840
O000276,P0013,S001,1,2356,2356
O000277,P0020,S008,2,3233,6466
O000278,P0027,S003,3,4090,12270
O000279,P0034,S010,4,4928,19712
O000280,P0001,S001,1,803,803
O000281,P0008,S008,2,1705,3410
O000282,P0015,S003,3,2589,7767
O000283,P0022,S010,4,3453,13812
O000284,P0029,S005,1,4298,4298
O000285,P0036,S012,2,5406,10812
O000286,P0003,S003,3,1055,3165
O000287,P0010,S010,4,1945,7780
O000288,P0017,S005,1,2816,2816
O000289,P0024,S012,2,3668,7336
O000290,P0031,S007,3,4748,14244
O000291,P0038,S002,4,5610,22440
O000292,P0005,S005,1,1301,1301
O000293,P0012,S012,2,2179,4358
O000294,P0019,S007,3,3038,9114
O000295,P0026,S002,4,4091,16364
O000296,P0033,S009,1,4959,4959
O000297,P0040,S004,2,5808,11616
O000298,P0007,S007,3,1542,4626
O000299,P0014,S002,4,2408,9632
O000300,P0021,S009,1,3433,3433
O000301,P0028,S004,2,4308,8616
O000302,P0035,S011,3,5164,15492
O000303,P0002,S002,4,905,3620
O000304,P0009,S009,1,1777,1777
O000305,P0016,S004,2,2775,5550
O000306,P0023,S011,3,3658,10974
O000307,P0030,S006,4,4520,18080
O000308,P0037,S001,1,5364,5364
O000309,P0004,S004,2,1147,2294
O000310,P0011,S011,3,2118,6354
O000311,P0018,S006,4,3007,12028
O000312,P0025,S001,1,3877,3877
O000313,P0032,S008,2,4727,9454
O000314,P0039,S003,3,5559,16677
O000315,P0006,S006,4,1460,5840
O000316,P0013,S001,1,2356,2356
O000317,P0020,S008,2,3233,6466
O000318,P0027,S003,3,4090,12270
O000319,P0034,S010,4,4928,19712
O000320,P0001,S001,1,803,803
O000321,P0008,S008,2,1705,3410
O000322,P0015,S003,3,2589,7767
O000323,P0022,S010,4,3453,13812
O000324,P0029,S005,1,4298,4298
O000325,P0036,S012,2,5406,10812
O000326,P0003,S003,3,1055,3165
O000327,P0010,S010,4,1945,7780
O000328,P0017,S005,1,2816,2816
O000329,P0024,S012,2,3668,7336
O000330,P0031,S007,3,4748,14244
O000331,P0038,S002,4,5610,22440
O000332,P0005,S005,1,1301,1301
O000333,P0012,S012,2,2179,4358
O000334,P0019,S007,3,3038,9114
O000335,P0026,S002,4,4091,16364
O000336,P0033,S009,1,4959,4959
O000337,P0040,S004,2,5808,11616
O000338,P0007,S007,3,1542,4626
O000339,P0014,S002,4,2408,9632
O000340,P0021,S009,1,3433,3433
O000341,P0028,S004,2,4308,8616
O000342,P0035,S011,3,5164,15492
O000343,P0002,S002,4,905,3620
O000344,P0009,S009,1,1777,1777
O000345,P0016,S004,2,2775,5550
O000346,P0023,S011,3,3658,10974
O000347,P0030,S006,4,4520,18080
O000348,P0037,S001,1,5364,5364
O000349,P0004,S004,2,1147,2294
O000350,P0011,S011,3,2118,6354
O000351,P0018,S006,4,3007,12028
O000352,P0025,S001,1,3877,3877
O000353,P0032,S008,2,4727,9454
O000354,P0039,S003,3,5559,16677
O000355,P0006,S006,4,1460,5840
O000356,P0013,S001,1,2356,2356
O000357,P0020,S008,2,3233,6466
O000358,P0027,S003,3,4090,12270
O000359,P0034,S010,4,4928,19712
O000360,P0001,S001,1,803,803
O000361,P0008,S008,2,1705,3410
O000362,P0015,S003,3,2589,7767
O000363,P0022,S010,4,3453,13812
O000364,P0029,S005,1,4298,4298
O000365,P0036,S012,2,5406,10812
O000366,P0003,S003,3,1055,3165
O000367,P0010,S010,4,1945,7780
O000368,P0017,S005,1,2816,2816
O000369,P0024,S012,2,3668,7336
O000370,P0031,S007,3,4748,14244
O000371,P0038,S002,4,5610,22440
O000372,P0005,S005,1,1301,1301
O000373,P0012,S012,2,2179,4358
O000374,P0019,S007,3,3038,9114
O000375,P0026,S002,4,4091,16364
O000376,P0033,S009,1,4959,4959
O000377,P0040,S004,2,5808,11616
O000378,P0007,S007,3,1542,4626
O000379,P0014,S002,4,2408,9632
O000380,P0021,S009,1,3433,3433
O000381,P0028,S004,2,4308,8616
O000382,P0035,S011,3,5164,15492
O000383,P0002,S002,4,905,3620
O000384,P0009,S009,1,1777,1777
O000385,P0016,S004,2,2775,5550
O000386,P0023,S011,3,3658,10974
O000387,P0030,S006,4,4520,18080
O000388,P0037,S001,1,5364,5364
O000389,P0004,S004,2,1147,2294
O000390,P0011,S011,3,2118,6354
O000391,P0018,S006,4,3007,12028
O000392,P0025,S001,1,3877,3877
O000393,P0032,S008,2,4727,9454
O000394,P0039,S003,3,5559,16677
O000395,P0006,S006,4,1460,5840
O000396,P0013,S001,1,2356,2356
O000397,P0020,S008,2,3233,6466
O000398,P0027,S003,3,4090,12270
O000399,P0034,S010,4,4928,19712
O000400,P0001,S001,1,803,803
O000401,P0008,S008,2,1705,3410
O000402,P0015,S003,3,2589,7767
O000403,P0022,S010,4,3453,13812
O000404,P0029,S005,1,4298,4298
O000405,P0036,S012,2,5406,10812
O000406,P0003,S003,3,1055,3165
O000407,P0010,S010,4,1945,7780
O000408,P0017,S005,1,2816,2816
O000409,P0024,S012,2,3668,7336
O000410,P0031,S007,3,4748,14244
O000411,P0038,S002,4,5610,22440
O000412,P0005,S005,1,1301,1301
O000413,P0012,S012,2,2179,4358
O000414,P0019,S007,3,3038,9114
O000415,P0026,S002,4,4091,16364
O000416,P0033,S009,1,4959,4959
O000417,P0040,S004,2,5808,11616
O000418,P0007,S007,3,1542,4626
O000419,P0014,S002,4,2408,9632
O000420,P0021,S009,1,3433,3433
O000421,P0028,S004,2,4308,8616
O000422,P0035,S011,3,5164,15492
O000423,P0002,S002,4,905,3620
O000424,P0009,S009,1,1777,1777
O000425,P0016,S004,2,2775,5550
O000426,P0023,S011,3,3658,10974
O000427,P0030,S006,4,4520,18080
O000428,P0037,S001,1,5364,5364
O000429,P0004,S004,2,1147,2294
O000430,P0011,S011,3,2118,6354
O000431,P0018,S006,4,3007,12028
O000432,P0025,S001,1,3877,3877
O000433,P0032,S008,2,4727,9454
O000434,P0039,S003,3,5559,16677
O000435,P0006,S006,4,1460,5840
O000436,P0013,S001,1,2356,2356
O000437,P0020,S008,2,3233,6466
O000438,P0027,S003,3,4090,12270
O000439,P0034,S010,4,4928,19712
O000440,P0001,S001,1,803,803
O000441,P0008,S008,2,1705,3410
O000442,P0015,S003,3,2589,7767
O000443,P0022,S010,4,3453,13812
O000444,P0029,S005,1,4298,4298
O000445,P0036,S012,2,5406,10812
O000446,P0003,S003,3,1055,3165
O000447,P0010,S010,4,1945,7780
O000448,P0017,S005,1,2816,2816
O000449,P0024,S012,2,3668,7336
O000450,P0031,S007,3,4748,14244
O000451,P0038,S002,4,5610,22440
O000452,P0005,S005,1,1301,1301
O000453,P0012,S012,2,2179,4358
O000454,P0019,S007,3,3038,9114
O000455,P0026,S002,4,4091,16364
O000456,P0033,S009,1,4959,4959
O000457,P0040,S004,2,5808,11616
O000458,P0007,S007,3,1542,4626
O000459,P0014,S002,4,2408,9632
O000460,P0021,S009,1,3433,3433
O000461,P0028,S004,2,4308,8616
O000462,P0035,S011,3,5164,15492
O000463,P0002,S002,4,905,3620
O000464,P0009,S009,1,1777,1777
O000465,P0016,S004,2,2775,5550
O000466,P0023,S011,3,3658,10974
O000467,P0030,S006,4,4520,18080
O000468,P0037,S001,1,5364,5364
O000469,P0004,S004,2,1147,2294
O000470,P0011,S011,3,2118,6354
O000471,P0018,S006,4,3007,12028
O000472,P0025,S001,1,3877,3877
O000473,P0032,S008,2,4727,9454
O000474,P0039,S003,3,5559,16677
O000475,P0006,S006,4,1460,5840
O000476,P0013,S001,1,2356,2356
O000477,P0020,S008,2,3233,6466
O000478,P0027,S003,3,4090,12270
O000479,P0034,S010,4,4928,19712
O000480,P0001,S001,1,803,803
O000481,P0008,S008,2,1705,3410
O000482,P0015,S003,3,2589,7767
O000483,P0022,S010,4,3453,13812
O000484,P0029,S005,1,4298,4298
O000485,P0036,S012,2,5406,10812
O000486,P0003,S003,3,1055,3165
O000487,P0010,S010,4,1945,7780
O000488,P0017,S005,1,2816,2816
O000489,P0024,S012,2,3668,7336
O000490,P0031,S007,3,4748,14244
O000491,P0038,S002,4,5610,22440
O000492,P0005,S005,1,1301,1301
O000493,P0012,S012,2,2179,4358
O000494,P0019,S007,3,3038,9114
O000495,P0026,S002,4,4091,16364
O000496,P0033,S009,1,4959,4959
O000497,P0040,S004,2,5808,11616
O000498,P0007,S007,3,1542,4626
O000499,P0014,S002,4,2408,9632
O000500,P0021,S009,1,3433,3433
O000501,P0028,S004,2,4308,8616
O000502,P0035,S011,3,5164,15492
O000503,P0002,S002,4,905,3620
O000504,P0009,S009,1,1777,1777
O000505,P0016,S004,2,2775,5550
O000506,P0023,S011,3,3658,10974
O000507,P0030,S006,4,4520,18080
O000508,P0037,S001,1,5364,5364
O000509,P0004,S004,2,1147,2294
O000510,P0011,S011,3,2118,6354
O000511,P0018,S006,4,3007,12028
O000512,P0025,S001,1,3877,3877
O000513,P0032,S008,2,4727,9454
O000514,P0039,S003,3,5559,16677
O000515,P0006,S006,4,1460,5840
O000516,P0013,S001,1,2356,2356
O000517,P0020,S008,2,3233,6466
O000518,P0027,S003,3,4090,12270
O000519,P0034,S010,4,4928,19712
O000520,P0001,S001,1,803,803
O000521,P0008,S008,2,1705,3410
O000522,P0015,S003,3,2589,7767
O000523,P0022,S010,4,3453,13812
O000524,P0029,S005,1,4298,4298
O000525,P0036,S012,2,5406,10812
O000526,P0003,S003,3,1055,3165
O000527,P0010,S010,4,1945,7780
O000528,P0017,S005,1,2816,2816
O000529,P0024,S012,2,3668,7336
O000530,P0031,S007,3,4748,14244
O000531,P0038,S002,4,5610,22440
O000532,P0005,S005,1,1301,1301
O000533,P0012,S012,2,2179,4358
O000534,P0019,S007,3,3038,9114
O000535,P0026,S002,4,4091,16364
O000536,P0033,S009,1,4959,4959
O000537,P0040,S004,2,5808,11616
O000538,P0007,S007,3,1542,4626
O000539,P0014,S002,4,2408,9632
O000540,P0021,S009,1,3433,3433
O000541,P0028,S004,2,4308,8616
O000542,P0035,S011,3,5164,15492
O000543,P0002,S002,4,905,3620
O000544,P0009,S009,1,1777,1777
O000545,P0016,S004,2,2775,5550
O000546,P0023,S011,3,3658,10974
O000547,P0030,S006,4,4520,18080
O000548,P0037,S001,1,5364,5364
O000549,P0004,S004,2,1147,2294
O000550,P0011,S011,3,2118,6354
O000551,P0018,S006,4,3007,12028
O000552,P0025,S001,1,3877,3877
O000553,P0032,S008,2,4727,9454
O000554,P0039,S003,3,5559,16677
O000555,P0006,S006,4,1460,5840
O000556,P0013,S001,1,2356,2356
O000557,P0020,S008,2,3233,6466
O000558,P0027,S003,3,4090,12270
O000559,P0034,S010,4,4928,19712
O000560,P0001,S001,1,803,803
O000561,P0008,S008,2,1705,3410
O000562,P0015,S003,3,2589,7767
O000563,P0022,S010,4,3453,13812
O000564,P0029,S005,1,4298,4298
O000565,P0036,S012,2,5406,10812
O000566,P0003,S003,3,1055,3165
O000567,P0010,S010,4,1945,7780
O000568,P0017,S005,1,2816,2816
O000569,P0024,S012,2,3668,7336
O000570,P0031,S007,3,4748,14244
O000571,P0038,S002,4,5610,22440
O000572,P0005,S005,1,1301,1301
O000573,P0012,S012,2,2179,4358
O000574,P0019,S007,3,3038,9114
O000575,P0026,S002,4,4091,16364
O000576,P0033,S009,1,4959,4959
O000577,P0040,S004,2,5808,11616
O000578,P0007,S007,3,1542,4626
O000579,P0014,S002,4,2408,9632
O000580,P0021,S009,1,3433,3433
O000581,P0028,S004,2,4308,8616
O000582,P0035,S011,3,5164,15492
O000583,P0002,S002,4,905,3620
O000584,P0009,S009,1,1777,1777
O000585,P0016,S004,2,2775,5550
O000586,P0023,S011,3,3658,10974
O000587,P0030,S006,4,4520,18080
O000588,P0037,S001,1,5364,5364
O000589,P0004,S004,2,1147,2294
O000590,P0011,S011,3,2118,6354
O000591,P0018,S006,4,3007,12028
O000592,P0025,S001,1,3877,3877
O000593,P0032,S008,2,4727,9454
O000594,P0039,S003,3,5559,16677
O000595,P0006,S006,4,1460,5840
O000596,P0013,S001,1,2356,2356
O000597,P0020,S008,2,3233,6466
O000598,P0027,S003,3,4090,12270
O000599,P0034,S010,4,4928,19712
O000600,P0001,S001,1,803,803
