order_id,order_date,customer_id,order_status,payment_method,gross_amount_inr,discount_inr,net_order_value_inr
O000001,2025-02-04,C00014,Cancelled,UPI,1826,274,1552
O000002,2025-03-07,C00027,Returned,Card,2816,253,2563
O000003,2025-04-10,C00040,Returned,Wallet,3806,761,3045
O000004,2025-05-13,C00053,Returned,COD,4796,671,4125
O000005,2025-06-16,C00066,Delivered,UPI,5786,463,5323
O000006,2025-07-19,C00079,Delivered,Card,1296,246,1050
O000007,2025-08-22,C00092,Delivered,Wallet,2286,297,1989
O000008,2025-09-25,C00105,Delivered,COD,3276,229,3047
O000009,2025-10-01,C00118,Delivered,UPI,4266,768,3498
O000010,2025-11-04,C00131,Delivered,Card,5256,631,4625
O000011,2025-12-07,C00144,Delivered,Wallet,6246,375,5871
O000012,2025-01-10,C00157,Delivered,COD,1756,299,1457
O000013,2025-02-13,C00170,Delivered,UPI,2746,302,2444
O000014,2025-03-16,C00183,Delivered,Card,3736,187,3549
O000015,2025-04-19,C00196,Delivered,Wallet,4726,756,3970
O000016,2025-05-22,C00209,Delivered,COD,5716,572,5144
O000017,2025-06-25,C00222,Delivered,UPI,6706,268,6438
O000018,2025-07-01,C00235,Delivered,Card,2216,332,1884
O000019,2025-08-04,C00248,Delivered,Wallet,3206,289,2917
O000020,2025-09-07,C00261,Cancelled,COD,4196,839,3357
O000021,2025-10-10,C00274,Cancelled,UPI,5186,726,4460
O000022,2025-11-13,C00287,Returned,Card,6176,494,5682
O000023,2025-12-16,C00300,Returned,Wallet,1686,320,1366
O000024,2025-01-19,C00313,Returned,COD,2676,348,2328
O000025,2025-02-22,C00326,Delivered,UPI,3666,257,3409
O000026,2025-03-25,C00339,Delivered,Card,4656,838,3818
O000027,2025-04-01,C00352,Delivered,Wallet,5646,678,4968
O000028,2025-05-04,C00365,Delivered,COD,6636,398,6238
O000029,2025-06-07,C00378,Delivered,UPI,2146,365,1781
O000030,2025-07-10,C00391,Delivered,Card,2236,246,1990
O000031,2025-08-13,C00404,Delivered,Wallet,3226,161,3065
O000032,2025-09-16,C00417,Delivered,COD,4216,675,3541
O000033,2025-10-19,C00430,Delivered,UPI,5206,521,4685
O000034,2025-11-22,C00443,Delivered,Card,6196,248,5948
O000035,2025-12-25,C00456,Delivered,Wallet,1706,256,1450
O000036,2025-01-01,C00469,Delivered,COD,2696,243,2453
O000037,2025-02-04,C00482,Delivered,UPI,3686,737,2949
O000038,2025-03-07,C00495,Delivered,Card,4676,655,4021
O000039,2025-04-10,C00008,Delivered,Wallet,5666,453,5213
O000040,2025-05-13,C00021,Cancelled,COD,1176,223,953
O000041,2025-06-16,C00034,Cancelled,UPI,2166,282,1884
O000042,2025-07-19,C00047,Returned,Card,3156,221,2935
O000043,2025-08-22,C00060,Returned,Wallet,4146,746,3400
O000044,2025-09-25,C00073,Returned,COD,5136,616,4520
O000045,2025-10-01,C00086,Delivered,UPI,6126,368,5758
O000046,2025-11-04,C00099,Delivered,Card,1636,278,1358
O000047,2025-12-07,C00112,Delivered,Wallet,2626,289,2337
O000048,2025-01-10,C00125,Delivered,COD,3616,181,3435
O000049,2025-02-13,C00138,Delivered,UPI,4606,737,3869
O000050,2025-03-16,C00151,Delivered,Card,5596,560,5036
O000051,2025-04-19,C00164,Delivered,Wallet,6586,263,6323
O000052,2025-05-22,C00177,Delivered,COD,2096,314,1782
O000053,2025-06-25,C00190,Delivered,UPI,3086,278,2808
O000054,2025-07-01,C00203,Delivered,Card,4076,815,3261
O000055,2025-08-04,C00216,Delivered,Wallet,5066,709,4357
O000056,2025-09-07,C00229,Delivered,COD,6056,484,5572
O000057,2025-10-10,C00242,Delivered,UPI,7046,1339,5707
O000058,2025-11-13,C00255,Delivered,Card,2556,332,2224
O000059,2025-12-16,C00268,Delivered,Wallet,2646,185,2461
O000060,2025-01-19,C00281,Cancelled,COD,3636,654,2982
O000061,2025-02-22,C00294,Cancelled,UPI,4626,555,4071
O000062,2025-03-25,C00307,Returned,Card,5616,337,5279
O000063,2025-04-01,C00320,Returned,Wallet,1126,191,935
O000064,2025-05-04,C00333,Returned,COD,2116,233,1883
O000065,2025-06-07,C00346,Delivered,UPI,3106,155,2951
O000066,2025-07-10,C00359,Delivered,Card,4096,655,3441
O000067,2025-08-13,C00372,Delivered,Wallet,5086,509,4577
O000068,2025-09-16,C00385,Delivered,COD,6076,243,5833
O000069,2025-10-19,C00398,Delivered,UPI,1586,238,1348
O000070,2025-11-22,C00411,Delivered,Card,2576,232,2344
O000071,2025-12-25,C00424,Delivered,Wallet,3566,713,2853
O000072,2025-01-01,C00437,Delivered,COD,4556,638,3918
O000073,2025-02-04,C00450,Delivered,UPI,5546,444,5102
O000074,2025-03-07,C00463,Delivered,Card,6536,1242,5294
O000075,2025-04-10,C00476,Delivered,Wallet,2046,266,1780
O000076,2025-05-13,C00489,Delivered,COD,3036,213,2823
O000077,2025-06-16,C00002,Delivered,UPI,4026,725,3301
O000078,2025-07-19,C00015,Delivered,Card,5016,602,4414
O000079,2025-08-22,C00028,Delivered,Wallet,6006,360,5646
O000080,2025-09-25,C00041,Cancelled,COD,1516,258,1258
O000081,2025-10-01,C00054,Cancelled,UPI,2506,276,2230
O000082,2025-11-04,C00067,Returned,Card,3496,175,3321
O000083,2025-12-07,C00080,Returned,Wallet,4486,718,3768
O000084,2025-01-10,C00093,Returned,COD,5476,548,4928
O000085,2025-02-13,C00106,Delivered,UPI,6466,259,6207
O000086,2025-03-16,C00119,Delivered,Card,1976,296,1680
O000087,2025-04-19,C00132,Delivered,Wallet,2966,267,2699
O000088,2025-05-22,C00145,Delivered,COD,3056,611,2445
O000089,2025-06-25,C00158,Delivered,UPI,4046,566,3480
O000090,2025-07-01,C00171,Delivered,Card,5036,403,4633
O000091,2025-08-04,C00184,Delivered,Wallet,6026,1145,4881
O000092,2025-09-07,C00197,Delivered,COD,1536,200,1336
O000093,2025-10-10,C00210,Delivered,UPI,2526,177,2349
O000094,2025-11-13,C00223,Delivered,Card,3516,633,2883
O000095,2025-12-16,C00236,Delivered,Wallet,4506,541,3965
O000096,2025-01-19,C00249,Delivered,COD,5496,330,5166
O000097,2025-02-22,C00262,Delivered,UPI,6486,1103,5383
O000098,2025-03-25,C00275,Delivered,Card,1996,220,1776
O000099,2025-04-01,C00288,Delivered,Wallet,2986,149,2837
O000100,2025-05-04,C00301,Cancelled,COD,3976,636,3340
O000101,2025-06-07,C00314,Cancelled,UPI,4966,497,4469
O000102,2025-07-10,C00327,Returned,Card,5956,238,5718
O000103,2025-08-13,C00340,Returned,Wallet,1466,220,1246
O000104,2025-09-16,C00353,Returned,COD,2456,221,2235
O000105,2025-10-19,C00366,Delivered,UPI,3446,689,2757
O000106,2025-11-22,C00379,Delivered,Card,4436,621,3815
O000107,2025-12-25,C00392,Delivered,Wallet,5426,434,4992
O000108,2025-01-01,C00405,Delivered,COD,6416,1219,5197
O000109,2025-02-04,C00418,Delivered,UPI,1926,250,1676
O000110,2025-03-07,C00431,Delivered,Card,2916,204,2712
O000111,2025-04-10,C00444,Delivered,Wallet,3906,703,3203
O000112,2025-05-13,C00457,Delivered,COD,4896,588,4308
O000113,2025-06-16,C00470,Delivered,UPI,5886,353,5533
O000114,2025-07-19,C00483,Delivered,Card,6876,1169,5707
O000115,2025-08-22,C00496,Delivered,Wallet,2386,262,2124
O000116,2025-09-25,C00009,Delivered,COD,3376,169,3207
O000117,2025-10-01,C00022,Delivered,UPI,3466,555,2911
O000118,2025-11-04,C00035,Delivered,Card,4456,446,4010
O000119,2025-12-07,C00048,Delivered,Wallet,5446,218,5228
O000120,2025-01-10,C00061,Cancelled,COD,956,143,813
O000121,2025-02-13,C00074,Cancelled,UPI,1946,175,1771
O000122,2025-03-16,C00087,Returned,Card,2936,587,2349
O000123,2025-04-19,C00100,Returned,Wallet,3926,550,3376
O000124,2025-05-22,C00113,Returned,COD,4916,393,4523
O000125,2025-06-25,C00126,Delivered,UPI,5906,1122,4784
O000126,2025-07-01,C00139,Delivered,Card,1416,184,1232
O000127,2025-08-04,C00152,Delivered,Wallet,2406,168,2238
O000128,2025-09-07,C00165,Delivered,COD,3396,611,2785
O000129,2025-10-10,C00178,Delivered,UPI,4386,526,3860
O000130,2025-11-13,C00191,Delivered,Card,5376,323,5053
O000131,2025-12-16,C00204,Delivered,Wallet,6366,1082,5284
O000132,2025-01-19,C00217,Delivered,COD,1876,206,1670
O000133,2025-02-22,C00230,Delivered,UPI,2866,143,2723
O000134,2025-03-25,C00243,Delivered,Card,3856,617,3239
O000135,2025-04-01,C00256,Delivered,Wallet,4846,485,4361
O000136,2025-05-04,C00269,Delivered,COD,5836,233,5603
O000137,2025-06-07,C00282,Delivered,UPI,6826,1024,5802
O000138,2025-07-10,C00295,Delivered,Card,2336,210,2126
O000139,2025-08-13,C00308,Delivered,Wallet,3326,665,2661
O000140,2025-09-16,C00321,Cancelled,COD,4316,604,3712
O000141,2025-10-19,C00334,Cancelled,UPI,5306,424,4882
O000142,2025-11-22,C00347,Returned,Card,6296,1196,5100
O000143,2025-12-25,C00360,Returned,Wallet,1806,235,1571
O000144,2025-01-01,C00373,Returned,COD,2796,196,2600
O000145,2025-02-04,C00386,Delivered,UPI,3786,681,3105
O000146,2025-03-07,C00399,Delivered,Card,3876,465,3411
O000147,2025-04-10,C00412,Delivered,Wallet,4866,292,4574
O000148,2025-05-13,C00425,Delivered,COD,5856,996,4860
O000149,2025-06-16,C00438,Delivered,UPI,1366,150,1216
O000150,2025-07-19,C00451,Delivered,Card,2356,118,2238
O000151,2025-08-22,C00464,Delivered,Wallet,3346,535,2811
O000152,2025-09-25,C00477,Delivered,COD,4336,434,3902
O000153,2025-10-01,C00490,Delivered,UPI,5326,213,5113
O000154,2025-11-04,C00003,Delivered,Card,6316,947,5369
O000155,2025-12-07,C00016,Delivered,Wallet,1826,164,1662
O000156,2025-01-10,C00029,Delivered,COD,2816,563,2253
O000157,2025-02-13,C00042,Delivered,UPI,3806,533,3273
O000158,2025-03-16,C00055,Delivered,Card,4796,384,4412
O000159,2025-04-19,C00068,Delivered,Wallet,5786,1099,4687
O000160,2025-05-22,C00081,Cancelled,COD,1296,168,1128
O000161,2025-06-25,C00094,Cancelled,UPI,2286,160,2126
O000162,2025-07-01,C00107,Returned,Card,3276,590,2686
O000163,2025-08-04,C00120,Returned,Wallet,4266,512,3754
O000164,2025-09-07,C00133,Returned,COD,5256,315,4941
O000165,2025-10-10,C00146,Delivered,UPI,6246,1062,5184
O000166,2025-11-13,C00159,Delivered,Card,1756,193,1563
O000167,2025-12-16,C00172,Delivered,Wallet,2746,137,2609
O000168,2025-01-19,C00185,Delivered,COD,3736,598,3138
O000169,2025-02-22,C00198,Delivered,UPI,4726,473,4253
O000170,2025-03-25,C00211,Delivered,Card,5716,229,5487
O000171,2025-04-01,C00224,Delivered,Wallet,6706,1006,5700
O000172,2025-05-04,C00237,Delivered,COD,2216,199,2017
O000173,2025-06-07,C00250,Delivered,UPI,3206,641,2565
O000174,2025-07-10,C00263,Delivered,Card,4196,587,3609
O000175,2025-08-13,C00276,Delivered,Wallet,4286,343,3943
O000176,2025-09-16,C00289,Delivered,COD,5276,1002,4274
O000177,2025-10-19,C00302,Delivered,UPI,6266,815,5451
O000178,2025-11-22,C00315,Delivered,Card,1776,124,1652
O000179,2025-12-25,C00328,Delivered,Wallet,2766,498,2268
O000180,2025-01-01,C00341,Cancelled,COD,3756,451,3305
O000181,2025-02-04,C00354,Cancelled,UPI,4746,285,4461
O000182,2025-03-07,C00367,Returned,Card,5736,975,4761
O000183,2025-04-10,C00380,Returned,Wallet,1246,137,1109
O000184,2025-05-13,C00393,Returned,COD,2236,112,2124
O000185,2025-06-16,C00406,Delivered,UPI,3226,516,2710
O000186,2025-07-19,C00419,Delivered,Card,4216,422,3794
O000187,2025-08-22,C00432,Delivered,Wallet,5206,208,4998
O000188,2025-09-25,C00445,Delivered,COD,6196,929,5267
O000189,2025-10-01,C00458,Delivered,UPI,1706,154,1552
O000190,2025-11-04,C00471,Delivered,Card,2696,539,2157
O000191,2025-12-07,C00484,Delivered,Wallet,3686,516,3170
O000192,2025-01-10,C00497,Delivered,COD,4676,374,4302
O000193,2025-02-13,C00010,Delivered,UPI,5666,1077,4589
O000194,2025-03-16,C00023,Delivered,Card,6656,865,5791
O000195,2025-04-19,C00036,Delivered,Wallet,2166,152,2014
O000196,2025-05-22,C00049,Delivered,COD,3156,568,2588
O000197,2025-06-25,C00062,Delivered,UPI,4146,498,3648
O000198,2025-07-01,C00075,Delivered,Card,5136,308,4828
O000199,2025-08-04,C00088,Delivered,Wallet,6126,1041,5085
O000200,2025-09-07,C00101,Cancelled,COD,1636,180,1456
O000201,2025-10-10,C00114,Cancelled,UPI,2626,131,2495
O000202,2025-11-13,C00127,Returned,Card,3616,579,3037
O000203,2025-12-16,C00140,Returned,Wallet,4606,461,4145
O000204,2025-01-19,C00153,Returned,COD,4696,188,4508
O000205,2025-02-22,C00166,Delivered,UPI,5686,853,4833
O000206,2025-03-25,C00179,Delivered,Card,1196,108,1088
O000207,2025-04-01,C00192,Delivered,Wallet,2186,437,1749
O000208,2025-05-04,C00205,Delivered,COD,3176,445,2731
O000209,2025-06-07,C00218,Delivered,UPI,4166,333,3833
O000210,2025-07-10,C00231,Delivered,Card,5156,980,4176
O000211,2025-08-13,C00244,Delivered,Wallet,6146,799,5347
O000212,2025-09-16,C00257,Delivered,COD,1656,116,1540
O000213,2025-10-19,C00270,Delivered,UPI,2646,476,2170
O000214,2025-11-22,C00283,Delivered,Card,3636,436,3200
O000215,2025-12-25,C00296,Delivered,Wallet,4626,278,4348
O000216,2025-01-01,C00309,Delivered,COD,5616,955,4661
O000217,2025-02-04,C00322,Delivered,UPI,6606,727,5879
O000218,2025-03-07,C00335,Delivered,Card,2116,106,2010
O000219,2025-04-10,C00348,Delivered,Wallet,3106,497,2609
O000220,2025-05-13,C00361,Cancelled,COD,4096,410,3686
O000221,2025-06-16,C00374,Cancelled,UPI,5086,203,4883
O000222,2025-07-19,C00387,Returned,Card,6076,911,5165
O000223,2025-08-22,C00400,Returned,Wallet,1586,143,1443
O000224,2025-09-25,C00413,Returned,COD,2576,515,2061
O000225,2025-10-01,C00426,Delivered,UPI,3566,499,3067
O000226,2025-11-04,C00439,Delivered,Card,4556,364,4192
O000227,2025-12-07,C00452,Delivered,Wallet,5546,1054,4492
O000228,2025-01-10,C00465,Delivered,COD,6536,850,5686
O000229,2025-02-13,C00478,Delivered,UPI,2046,143,1903
O000230,2025-03-16,C00491,Delivered,Card,3036,546,2490
O000231,2025-04-19,C00004,Delivered,Wallet,4026,483,3543
O000232,2025-05-22,C00017,Delivered,COD,5016,301,4715
O000233,2025-06-25,C00030,Delivered,UPI,5106,868,4238
O000234,2025-07-01,C00043,Delivered,Card,6096,671,5425
O000235,2025-08-04,C00056,Delivered,Wallet,1606,80,1526
O000236,2025-09-07,C00069,Delivered,COD,2596,415,2181
O000237,2025-10-10,C00082,Delivered,UPI,3586,359,3227
O000238,2025-11-13,C00095,Delivered,Card,4576,183,4393
O000239,2025-12-16,C00108,Delivered,Wallet,5566,835,4731
O000240,2025-01-19,C00121,Cancelled,COD,1076,97,979
O000241,2025-02-22,C00134,Cancelled,UPI,2066,413,1653
O000242,2025-03-25,C00147,Returned,Card,3056,428,2628
O000243,2025-04-01,C00160,Returned,Wallet,4046,324,3722
O000244,2025-05-04,C00173,Returned,COD,5036,957,4079
O000245,2025-06-07,C00186,Delivered,UPI,6026,783,5243
O000246,2025-07-10,C00199,Delivered,Card,1536,108,1428
O000247,2025-08-13,C00212,Delivered,Wallet,2526,455,2071
O000248,2025-09-16,C00225,Delivered,COD,3516,422,3094
O000249,2025-10-19,C00238,Delivered,UPI,4506,270,4236
O000250,2025-11-22,C00251,Delivered,Card,5496,934,4562
O000251,2025-12-25,C00264,Delivered,Wallet,6486,713,5773
O000252,2025-01-01,C00277,Delivered,COD,1996,100,1896
O000253,2025-02-04,C00290,Delivered,UPI,2986,478,2508
O000254,2025-03-07,C00303,Delivered,Card,3976,398,3578
O000255,2025-04-10,C00316,Delivered,Wallet,4966,199,4767
O000256,2025-05-13,C00329,Delivered,COD,5956,893,5063
O000257,2025-06-16,C00342,Delivered,UPI,6946,625,6321
O000258,2025-07-19,C00355,Delivered,Card,2456,491,1965
O000259,2025-08-22,C00368,Delivered,Wallet,3446,482,2964
O000260,2025-09-25,C00381,Cancelled,COD,4436,355,4081
O000261,2025-10-01,C00394,Cancelled,UPI,5426,1031,4395
O000262,2025-11-04,C00407,Returned,Card,5516,717,4799
O000263,2025-12-07,C00420,Returned,Wallet,1026,72,954
O000264,2025-01-10,C00433,Returned,COD,2016,363,1653
O000265,2025-02-13,C00446,Delivered,UPI,3006,361,2645
O000266,2025-03-16,C00459,Delivered,Card,3996,240,3756
O000267,2025-04-19,C00472,Delivered,Wallet,4986,848,4138
O000268,2025-05-22,C00485,Delivered,COD,5976,657,5319
O000269,2025-06-25,C00498,Delivered,UPI,1486,74,1412
O000270,2025-07-01,C00011,Delivered,Card,2476,396,2080
O000271,2025-08-04,C00024,Delivered,Wallet,3466,347,3119
O000272,2025-09-07,C00037,Delivered,COD,4456,178,4278
O000273,2025-10-10,C00050,Delivered,UPI,5446,817,4629
O000274,2025-11-13,C00063,Delivered,Card,6436,579,5857
O000275,2025-12-16,C00076,Delivered,Wallet,1946,389,1557
O000276,2025-01-19,C00089,Delivered,COD,2936,411,2525
O000277,2025-02-22,C00102,Delivered,UPI,3926,314,3612
O000278,2025-03-25,C00115,Delivered,Card,4916,934,3982
O000279,2025-04-01,C00128,Delivered,Wallet,5906,768,5138
O000280,2025-05-04,C00141,Cancelled,COD,1416,99,1317
O000281,2025-06-07,C00154,Cancelled,UPI,2406,433,1973
O000282,2025-07-10,C00167,Returned,Card,3396,408,2988
O000283,2025-08-13,C00180,Returned,Wallet,4386,263,4123
O000284,2025-09-16,C00193,Returned,COD,5376,914,4462
O000285,2025-10-19,C00206,Delivered,UPI,6366,700,5666
O000286,2025-11-22,C00219,Delivered,Card,1876,94,1782
O000287,2025-12-25,C00232,Delivered,Wallet,2866,459,2407
O000288,2025-01-01,C00245,Delivered,COD,3856,386,3470
O000289,2025-02-04,C00258,Delivered,UPI,4846,194,4652
O000290,2025-03-07,C00271,Delivered,Card,5836,875,4961
O000291,2025-04-10,C00284,Delivered,Wallet,5926,533,5393
O000292,2025-05-13,C00297,Delivered,COD,1436,287,1149
O000293,2025-06-16,C00310,Delivered,UPI,2426,340,2086
O000294,2025-07-19,C00323,Delivered,Card,3416,273,3143
O000295,2025-08-22,C00336,Delivered,Wallet,4406,837,3569
O000296,2025-09-25,C00349,Delivered,COD,5396,701,4695
O000297,2025-10-01,C00362,Delivered,UPI,6386,447,5939
O000298,2025-11-04,C00375,Delivered,Card,1896,341,1555
O000299,2025-12-07,C00388,Delivered,Wallet,2886,346,2540
O000300,2025-01-10,C00401,Cancelled,COD,3876,233,3643
O000301,2025-02-13,C00414,Cancelled,UPI,4866,827,4039
O000302,2025-03-16,C00427,Returned,Card,5856,644,5212
O000303,2025-04-19,C00440,Returned,Wallet,1366,68,1298
O000304,2025-05-22,C00453,Returned,COD,2356,377,1979
O000305,2025-06-25,C00466,Delivered,UPI,3346,335,3011
O000306,2025-07-01,C00479,Delivered,Card,4336,173,4163
O000307,2025-08-04,C00492,Delivered,Wallet,5326,799,4527
O000308,2025-09-07,C00005,Delivered,COD,6316,568,5748
O000309,2025-10-10,C00018,Delivered,UPI,1826,365,1461
O000310,2025-11-13,C00031,Delivered,Card,2816,394,2422
O000311,2025-12-16,C00044,Delivered,Wallet,3806,304,3502
O000312,2025-01-19,C00057,Delivered,COD,4796,911,3885
O000313,2025-02-22,C00070,Delivered,UPI,5786,752,5034
O000314,2025-03-25,C00083,Delivered,Card,6776,474,6302
O000315,2025-04-01,C00096,Delivered,Wallet,2286,411,1875
O000316,2025-05-04,C00109,Delivered,COD,3276,393,2883
O000317,2025-06-07,C00122,Delivered,UPI,4266,256,4010
O000318,2025-07-10,C00135,Delivered,Card,5256,894,4362
O000319,2025-08-13,C00148,Delivered,Wallet,6246,687,5559
O000320,2025-09-16,C00161,Cancelled,COD,856,43,813
O000321,2025-10-19,C00174,Cancelled,UPI,1846,295,1551
O000322,2025-11-22,C00187,Returned,Card,2836,284,2552
O000323,2025-12-25,C00200,Returned,Wallet,3826,153,3673
O000324,2025-01-01,C00213,Returned,COD,4816,722,4094
O000325,2025-02-04,C00226,Delivered,UPI,5806,523,5283
O000326,2025-03-07,C00239,Delivered,Card,1316,263,1053
O000327,2025-04-10,C00252,Delivered,Wallet,2306,323,1983
O000328,2025-05-13,C00265,Delivered,COD,3296,264,3032
O000329,2025-06-16,C00278,Delivered,UPI,4286,814,3472
O000330,2025-07-19,C00291,Delivered,Card,5276,686,4590
O000331,2025-08-22,C00304,Delivered,Wallet,6266,439,5827
O000332,2025-09-25,C00317,Delivered,COD,1776,320,1456
O000333,2025-10-01,C00330,Delivered,UPI,2766,332,2434
O000334,2025-11-04,C00343,Delivered,Card,3756,225,3531
O000335,2025-12-07,C00356,Delivered,Wallet,4746,807,3939
O000336,2025-01-10,C00369,Delivered,COD,5736,631,5105
O000337,2025-02-13,C00382,Delivered,UPI,6726,336,6390
O000338,2025-03-16,C00395,Delivered,Card,2236,358,1878
O000339,2025-04-19,C00408,Delivered,Wallet,3226,323,2903
O000340,2025-05-22,C00421,Cancelled,COD,4216,169,4047
O000341,2025-06-25,C00434,Cancelled,UPI,5206,781,4425
O000342,2025-07-01,C00447,Returned,Card,6196,558,5638
O000343,2025-08-04,C00460,Returned,Wallet,1706,341,1365
O000344,2025-09-07,C00473,Returned,COD,2696,377,2319
O000345,2025-10-10,C00486,Delivered,UPI,3686,295,3391
O000346,2025-11-13,C00499,Delivered,Card,4676,888,3788
O000347,2025-12-16,C00012,Delivered,Wallet,5666,737,4929
O000348,2025-01-19,C00025,Delivered,COD,6656,466,6190
O000349,2025-02-22,C00038,Delivered,UPI,1266,228,1038
O000350,2025-03-25,C00051,Delivered,Card,2256,271,1985
O000351,2025-04-01,C00064,Delivered,Wallet,3246,195,3051
O000352,2025-05-04,C00077,Delivered,COD,4236,720,3516
O000353,2025-06-07,C00090,Delivered,UPI,5226,575,4651
O000354,2025-07-10,C00103,Delivered,Card,6216,311,5905
O000355,2025-08-13,C00116,Delivered,Wallet,1726,276,1450
O000356,2025-09-16,C00129,Delivered,COD,2716,272,2444
O000357,2025-10-19,C00142,Delivered,UPI,3706,148,3558
O000358,2025-11-22,C00155,Delivered,Card,4696,704,3992
O000359,2025-12-25,C00168,Delivered,Wallet,5686,512,5174
O000360,2025-01-01,C00181,Cancelled,COD,1196,239,957
O000361,2025-02-04,C00194,Cancelled,UPI,2186,306,1880
O000362,2025-03-07,C00207,Returned,Card,3176,254,2922
O000363,2025-04-10,C00220,Returned,Wallet,4166,792,3374
O000364,2025-05-13,C00233,Returned,COD,5156,670,4486
O000365,2025-06-16,C00246,Delivered,UPI,6146,430,5716
O000366,2025-07-19,C00259,Delivered,Card,1656,298,1358
O000367,2025-08-22,C00272,Delivered,Wallet,2646,318,2328
O000368,2025-09-25,C00285,Delivered,COD,3636,218,3418
O000369,2025-10-01,C00298,Delivered,UPI,4626,786,3840
O000370,2025-11-04,C00311,Delivered,Card,5616,618,4998
O000371,2025-12-07,C00324,Delivered,Wallet,6606,330,6276
O000372,2025-01-10,C00337,Delivered,COD,2116,339,1777
O000373,2025-02-13,C00350,Delivered,UPI,3106,311,2795
O000374,2025-03-16,C00363,Delivered,Card,4096,164,3932
O000375,2025-04-19,C00376,Delivered,Wallet,5086,763,4323
O000376,2025-05-22,C00389,Delivered,COD,6076,547,5529
O000377,2025-06-25,C00402,Delivered,UPI,7066,1413,5653
O000378,2025-07-01,C00415,Delivered,Card,1676,235,1441
O000379,2025-08-04,C00428,Delivered,Wallet,2666,213,2453
O000380,2025-09-07,C00441,Cancelled,COD,3656,695,2961
O000381,2025-10-10,C00454,Cancelled,UPI,4646,604,4042
O000382,2025-11-13,C00467,Returned,Card,5636,395,5241
O000383,2025-12-16,C00480,Returned,Wallet,1146,206,940
O000384,2025-01-19,C00493,Returned,COD,2136,256,1880
O000385,2025-02-22,C00006,Delivered,UPI,3126,188,2938
O000386,2025-03-25,C00019,Delivered,Card,4116,700,3416
O000387,2025-04-01,C00032,Delivered,Wallet,5106,562,4544
O000388,2025-05-04,C00045,Delivered,COD,6096,305,5791
O000389,2025-06-07,C00058,Delivered,UPI,1606,257,1349
O000390,2025-07-10,C00071,Delivered,Card,2596,260,2336
O000391,2025-08-13,C00084,Delivered,Wallet,3586,143,3443
O000392,2025-09-16,C00097,Delivered,COD,4576,686,3890
O000393,2025-10-19,C00110,Delivered,UPI,5566,501,5065
O000394,2025-11-22,C00123,Delivered,Card,6556,1311,5245
O000395,2025-12-25,C00136,Delivered,Wallet,2066,289,1777
O000396,2025-01-01,C00149,Delivered,COD,3056,244,2812
O000397,2025-02-04,C00162,Delivered,UPI,4046,769,3277
O000398,2025-03-07,C00175,Delivered,Card,5036,655,4381
O000399,2025-04-10,C00188,Delivered,Wallet,6026,422,5604
O000400,2025-05-13,C00201,Cancelled,COD,1536,276,1260
O000401,2025-06-16,C00214,Cancelled,UPI,2526,303,2223
O000402,2025-07-19,C00227,Returned,Card,3516,211,3305
O000403,2025-08-22,C00240,Returned,Wallet,4506,766,3740
O000404,2025-09-25,C00253,Returned,COD,5496,605,4891
O000405,2025-10-01,C00266,Delivered,UPI,6486,324,6162
O000406,2025-11-04,C00279,Delivered,Card,1996,319,1677
O000407,2025-12-07,C00292,Delivered,Wallet,2086,209,1877
O000408,2025-01-10,C00305,Delivered,COD,3076,123,2953
O000409,2025-02-13,C00318,Delivered,UPI,4066,610,3456
O000410,2025-03-16,C00331,Delivered,Card,5056,455,4601
O000411,2025-04-19,C00344,Delivered,Wallet,6046,1209,4837
O000412,2025-05-22,C00357,Delivered,COD,1556,218,1338
O000413,2025-06-25,C00370,Delivered,UPI,2546,204,2342
O000414,2025-07-01,C00383,Delivered,Card,3536,672,2864
O000415,2025-08-04,C00396,Delivered,Wallet,4526,588,3938
O000416,2025-09-07,C00409,Delivered,COD,5516,386,5130
O000417,2025-10-10,C00422,Delivered,UPI,6506,1171,5335
O000418,2025-11-13,C00435,Delivered,Card,2016,242,1774
O000419,2025-12-16,C00448,Delivered,Wallet,3006,180,2826
O000420,2025-01-19,C00461,Cancelled,COD,3996,679,3317
O000421,2025-02-22,C00474,Cancelled,UPI,4986,548,4438
O000422,2025-03-25,C00487,Returned,Card,5976,299,5677
O000423,2025-04-01,C00500,Returned,Wallet,1486,238,1248
O000424,2025-05-04,C00013,Returned,COD,2476,248,2228
O000425,2025-06-07,C00026,Delivered,UPI,3466,139,3327
O000426,2025-07-10,C00039,Delivered,Card,4456,668,3788
O000427,2025-08-13,C00052,Delivered,Wallet,5446,490,4956
O000428,2025-09-16,C00065,Delivered,COD,6436,1287,5149
O000429,2025-10-19,C00078,Delivered,UPI,1946,272,1674
O000430,2025-11-22,C00091,Delivered,Card,2936,235,2701
O000431,2025-12-25,C00104,Delivered,Wallet,3926,746,3180
O000432,2025-01-01,C00117,Delivered,COD,4916,639,4277
O000433,2025-02-04,C00130,Delivered,UPI,5906,413,5493
O000434,2025-03-07,C00143,Delivered,Card,6896,1241,5655
O000435,2025-04-10,C00156,Delivered,Wallet,2406,289,2117
O000436,2025-05-13,C00169,Delivered,COD,2496,150,2346
O000437,2025-06-16,C00182,Delivered,UPI,3486,593,2893
O000438,2025-07-19,C00195,Delivered,Card,4476,492,3984
O000439,2025-08-22,C00208,Delivered,Wallet,5466,273,5193
O000440,2025-09-25,C00221,Cancelled,COD,976,156,820
O000441,2025-10-01,C00234,Cancelled,UPI,1966,197,1769
O000442,2025-11-04,C00247,Returned,Card,2956,118,2838
O000443,2025-12-07,C00260,Returned,Wallet,3946,592,3354
O000444,2025-01-10,C00273,Returned,COD,4936,444,4492
O000445,2025-02-13,C00286,Delivered,UPI,5926,1185,4741
O000446,2025-03-16,C00299,Delivered,Card,1436,201,1235
O000447,2025-04-19,C00312,Delivered,Wallet,2426,194,2232
O000448,2025-05-22,C00325,Delivered,COD,3416,649,2767
O000449,2025-06-25,C00338,Delivered,UPI,4406,573,3833
O000450,2025-07-01,C00351,Delivered,Card,5396,378,5018
O000451,2025-08-04,C00364,Delivered,Wallet,6386,1149,5237
O000452,2025-09-07,C00377,Delivered,COD,1896,228,1668
O000453,2025-10-10,C00390,Delivered,UPI,2886,173,2713
O000454,2025-11-13,C00403,Delivered,Card,3876,659,3217
O000455,2025-12-16,C00416,Delivered,Wallet,4866,535,4331
O000456,2025-01-19,C00429,Delivered,COD,5856,293,5563
O000457,2025-02-22,C00442,Delivered,UPI,6846,1095,5751
O000458,2025-03-25,C00455,Delivered,Card,2356,236,2120
O000459,2025-04-01,C00468,Delivered,Wallet,3346,134,3212
O000460,2025-05-04,C00481,Cancelled,COD,4336,650,3686
O000461,2025-06-07,C00494,Cancelled,UPI,5326,479,4847
O000462,2025-07-10,C00007,Returned,Card,6316,1263,5053
O000463,2025-08-13,C00020,Returned,Wallet,1826,256,1570
O000464,2025-09-16,C00033,Returned,COD,2816,225,2591
O000465,2025-10-19,C00046,Delivered,UPI,2906,552,2354
O000466,2025-11-22,C00059,Delivered,Card,3896,506,3390
O000467,2025-12-25,C00072,Delivered,Wallet,4886,342,4544
O000468,2025-01-01,C00085,Delivered,COD,5876,1058,4818
O000469,2025-02-04,C00098,Delivered,UPI,1386,166,1220
O000470,2025-03-07,C00111,Delivered,Card,2376,143,2233
O000471,2025-04-10,C00124,Delivered,Wallet,3366,572,2794
O000472,2025-05-13,C00137,Delivered,COD,4356,479,3877
O000473,2025-06-16,C00150,Delivered,UPI,5346,267,5079
O000474,2025-07-19,C00163,Delivered,Card,6336,1014,5322
O000475,2025-08-22,C00176,Delivered,Wallet,1846,185,1661
O000476,2025-09-25,C00189,Delivered,COD,2836,113,2723
O000477,2025-10-01,C00202,Delivered,UPI,3826,574,3252
O000478,2025-11-04,C00215,Delivered,Card,4816,433,4383
O000479,2025-12-07,C00228,Delivered,Wallet,5806,1161,4645
O000480,2025-01-10,C00241,Cancelled,COD,1316,184,1132
O000481,2025-02-13,C00254,Cancelled,UPI,2306,184,2122
O000482,2025-03-16,C00267,Returned,Card,3296,626,2670
O000483,2025-04-19,C00280,Returned,Wallet,4286,557,3729
O000484,2025-05-22,C00293,Returned,COD,5276,369,4907
O000485,2025-06-25,C00306,Delivered,UPI,6266,1128,5138
O000486,2025-07-01,C00319,Delivered,Card,1776,213,1563
O000487,2025-08-04,C00332,Delivered,Wallet,2766,166,2600
O000488,2025-09-07,C00345,Delivered,COD,3756,639,3117
O000489,2025-10-10,C00358,Delivered,UPI,4746,522,4224
O000490,2025-11-13,C00371,Delivered,Card,5736,287,5449
O000491,2025-12-16,C00384,Delivered,Wallet,6726,1076,5650
O000492,2025-01-19,C00397,Delivered,COD,2236,224,2012
O000493,2025-02-22,C00410,Delivered,UPI,3226,129,3097
O000494,2025-03-25,C00423,Delivered,Card,3316,497,2819
O000495,2025-04-01,C00436,Delivered,Wallet,4306,388,3918
O000496,2025-05-04,C00449,Delivered,COD,5296,1059,4237
O000497,2025-06-07,C00462,Delivered,UPI,6286,880,5406
O000498,2025-07-10,C00475,Delivered,Card,1796,144,1652
O000499,2025-08-13,C00488,Delivered,Wallet,2786,529,2257
O000500,2025-09-16,C00001,Cancelled,COD,3776,491,3285
O000501,2025-10-19,C00014,Cancelled,UPI,4766,334,4432
O000502,2025-11-22,C00027,Returned,Card,5756,1036,4720
O000503,2025-12-25,C00040,Returned,Wallet,1266,152,1114
O000504,2025-01-01,C00053,Returned,COD,2256,135,2121
O000505,2025-02-04,C00066,Delivered,UPI,3246,552,2694
O000506,2025-03-07,C00079,Delivered,Card,4236,466,3770
O000507,2025-04-10,C00092,Delivered,Wallet,5226,261,4965
O000508,2025-05-13,C00105,Delivered,COD,6216,995,5221
O000509,2025-06-16,C00118,Delivered,UPI,1726,173,1553
O000510,2025-07-19,C00131,Delivered,Card,2716,109,2607
O000511,2025-08-22,C00144,Delivered,Wallet,3706,556,3150
O000512,2025-09-25,C00157,Delivered,COD,4696,423,4273
O000513,2025-10-01,C00170,Delivered,UPI,5686,1137,4549
O000514,2025-11-04,C00183,Delivered,Card,6676,935,5741
O000515,2025-12-07,C00196,Delivered,Wallet,2186,175,2011
O000516,2025-01-10,C00209,Delivered,COD,3176,603,2573
O000517,2025-02-13,C00222,Delivered,UPI,4166,542,3624
O000518,2025-03-16,C00235,Delivered,Card,5156,361,4795
O000519,2025-04-19,C00248,Delivered,Wallet,6146,1106,5040
O000520,2025-05-22,C00261,Cancelled,COD,1656,199,1457
O000521,2025-06-25,C00274,Cancelled,UPI,2646,159,2487
O000522,2025-07-01,C00287,Returned,Card,3636,618,3018
O000523,2025-08-04,C00300,Returned,Wallet,3726,410,3316
O000524,2025-09-07,C00313,Returned,COD,4716,236,4480
O000525,2025-10-10,C00326,Delivered,UPI,5706,913,4793
O000526,2025-11-13,C00339,Delivered,Card,1216,122,1094
O000527,2025-12-16,C00352,Delivered,Wallet,2206,88,2118
O000528,2025-01-19,C00365,Delivered,COD,3196,479,2717
O000529,2025-02-22,C00378,Delivered,UPI,4186,377,3809
O000530,2025-03-25,C00391,Delivered,Card,5176,1035,4141
O000531,2025-04-01,C00404,Delivered,Wallet,6166,863,5303
O000532,2025-05-04,C00417,Delivered,COD,1676,134,1542
O000533,2025-06-07,C00430,Delivered,UPI,2666,507,2159
O000534,2025-07-10,C00443,Delivered,Card,3656,475,3181
O000535,2025-08-13,C00456,Delivered,Wallet,4646,325,4321
O000536,2025-09-16,C00469,Delivered,COD,5636,1014,4622
O000537,2025-10-19,C00482,Delivered,UPI,6626,795,5831
O000538,2025-11-22,C00495,Delivered,Card,2136,128,2008
O000539,2025-12-25,C00008,Delivered,Wallet,3126,531,2595
O000540,2025-01-01,C00021,Cancelled,COD,4116,453,3663
O000541,2025-02-04,C00034,Cancelled,UPI,5106,255,4851
O000542,2025-03-07,C00047,Returned,Card,6096,975,5121
O000543,2025-04-10,C00060,Returned,Wallet,1606,161,1445
O000544,2025-05-13,C00073,Returned,COD,2596,104,2492
O000545,2025-06-16,C00086,Delivered,UPI,3586,538,3048
O000546,2025-07-19,C00099,Delivered,Card,4576,412,4164
O000547,2025-08-22,C00112,Delivered,Wallet,5566,1113,4453
O000548,2025-09-25,C00125,Delivered,COD,6556,918,5638
O000549,2025-10-01,C00138,Delivered,UPI,2066,165,1901
O000550,2025-11-04,C00151,Delivered,Card,3056,581,2475
O000551,2025-12-07,C00164,Delivered,Wallet,4046,526,3520
O000552,2025-01-10,C00177,Delivered,COD,4136,290,3846
O000553,2025-02-13,C00190,Delivered,UPI,5126,923,4203
O000554,2025-03-16,C00203,Delivered,Card,6116,734,5382
O000555,2025-04-19,C00216,Delivered,Wallet,1626,98,1528
O000556,2025-05-22,C00229,Delivered,COD,2616,445,2171
O000557,2025-06-25,C00242,Delivered,UPI,3606,397,3209
O000558,2025-07-01,C00255,Delivered,Card,4596,230,4366
O000559,2025-08-04,C00268,Delivered,Wallet,5586,894,4692
O000560,2025-09-07,C00281,Cancelled,COD,1096,110,986
O000561,2025-10-10,C00294,Cancelled,UPI,2086,83,2003
O000562,2025-11-13,C00307,Returned,Card,3076,461,2615
O000563,2025-12-16,C00320,Returned,Wallet,4066,366,3700
O000564,2025-01-19,C00333,Returned,COD,5056,1011,4045
O000565,2025-02-22,C00346,Delivered,UPI,6046,846,5200
O000566,2025-03-25,C00359,Delivered,Card,1556,124,1432
O000567,2025-04-01,C00372,Delivered,Wallet,2546,484,2062
O000568,2025-05-04,C00385,Delivered,COD,3536,460,3076
O000569,2025-06-07,C00398,Delivered,UPI,4526,317,4209
O000570,2025-07-10,C00411,Delivered,Card,5516,993,4523
O000571,2025-08-13,C00424,Delivered,Wallet,6506,781,5725
O000572,2025-09-16,C00437,Delivered,COD,2016,121,1895
O000573,2025-10-19,C00450,Delivered,UPI,3006,511,2495
O000574,2025-11-22,C00463,Delivered,Card,3996,440,3556
O000575,2025-12-25,C00476,Delivered,Wallet,4986,249,4737
O000576,2025-01-01,C00489,Delivered,COD,5976,956,5020
O000577,2025-02-04,C00002,Delivered,UPI,6966,697,6269
O000578,2025-03-07,C00015,Delivered,Card,2476,99,2377
O000579,2025-04-10,C00028,Delivered,Wallet,3466,520,2946
O000580,2025-05-13,C00041,Cancelled,COD,4456,401,4055
O000581,2025-06-16,C00054,Cancelled,UPI,4546,909,3637
O000582,2025-07-19,C00067,Returned,Card,5536,775,4761
O000583,2025-08-22,C00080,Returned,Wallet,1046,84,962
O000584,2025-09-25,C00093,Returned,COD,2036,387,1649
O000585,2025-10-01,C00106,Delivered,UPI,3026,393,2633
O000586,2025-11-04,C00119,Delivered,Card,4016,281,3735
O000587,2025-12-07,C00132,Delivered,Wallet,5006,901,4105
O000588,2025-01-10,C00145,Delivered,COD,5996,720,5276
O000589,2025-02-13,C00158,Delivered,UPI,1506,90,1416
O000590,2025-03-16,C00171,Delivered,Card,2496,424,2072
O000591,2025-04-19,C00184,Delivered,Wallet,3486,383,3103
O000592,2025-05-22,C00197,Delivered,COD,4476,224,4252
O000593,2025-06-25,C00210,Delivered,UPI,5466,875,4591
O000594,2025-07-01,C00223,Delivered,Card,6456,646,5810
O000595,2025-08-04,C00236,Delivered,Wallet,1966,79,1887
O000596,2025-09-07,C00249,Delivered,COD,2956,443,2513
O000597,2025-10-10,C00262,Delivered,UPI,3946,355,3591
O000598,2025-11-13,C00275,Delivered,Card,4936,987,3949
O000599,2025-12-16,C00288,Delivered,Wallet,5926,830,5096
O000600,2025-01-19,C00301,Cancelled,COD,1436,115,1321
