return_id,order_id,return_date,return_reason,refund_amount_inr,return_handling_cost_inr
R00001,O000002,2025-04-11,Quality Issue,2368,81
R00002,O000003,2025-05-16,Size/Fit,3267,94
R00003,O000004,2025-06-21,Changed Mind,4205,107
R00004,O000022,2025-12-07,Quality Issue,5164,71
R00005,O000023,2025-01-12,Size/Fit,934,84
R00006,O000024,2025-02-17,Changed Mind,1584,97
R00007,O000042,2025-08-03,Quality Issue,2368,61
R00008,O000043,2025-09-08,Size/Fit,3267,74
R00009,O000044,2025-10-13,Changed Mind,4205,87
R00010,O000062,2025-04-25,Quality Issue,5164,141
R00011,O000063,2025-05-04,Size/Fit,934,64
R00012,O000064,2025-06-09,Changed Mind,1584,77
R00013,O000082,2025-12-21,Quality Issue,2368,131
R00014,O000083,2025-01-26,Size/Fit,3267,144
R00015,O000084,2025-02-05,Changed Mind,4205,67
R00016,O000102,2025-08-17,Quality Issue,5164,121
R00017,O000103,2025-09-22,Size/Fit,934,134
R00018,O000104,2025-10-01,Changed Mind,1584,57
R00019,O000122,2025-04-13,Quality Issue,2368,111
R00020,O000123,2025-05-18,Size/Fit,3267,124
R00021,O000124,2025-06-23,Changed Mind,4205,137
R00022,O000142,2025-12-09,Quality Issue,5164,101
R00023,O000143,2025-01-14,Size/Fit,934,114
R00024,O000144,2025-02-19,Changed Mind,1584,127
R00025,O000162,2025-08-05,Quality Issue,2368,91
R00026,O000163,2025-09-10,Size/Fit,3267,104
R00027,O000164,2025-10-15,Changed Mind,4205,117
R00028,O000182,2025-04-01,Quality Issue,5164,81
R00029,O000183,2025-05-06,Size/Fit,934,94
R00030,O000184,2025-06-11,Changed Mind,1584,107
R00031,O000202,2025-12-23,Quality Issue,2368,71
R00032,O000203,2025-01-02,Size/Fit,3267,84
R00033,O000204,2025-02-07,Changed Mind,4205,97
R00034,O000222,2025-08-19,Quality Issue,5164,61
R00035,O000223,2025-09-24,Size/Fit,934,74
R00036,O000224,2025-10-03,Changed Mind,1584,87
R00037,O000242,2025-04-15,Quality Issue,2368,141
R00038,O000243,2025-05-20,Size/Fit,3267,64
R00039,O000244,2025-06-25,Changed Mind,4205,77
R00040,O000262,2025-12-11,Quality Issue,5164,131
R00041,O000263,2025-01-16,Size/Fit,934,144
R00042,O000264,2025-02-21,Changed Mind,1584,67
R00043,O000282,2025-08-07,Quality Issue,2368,121
R00044,O000283,2025-09-12,Size/Fit,3267,134
R00045,O000284,2025-10-17,Changed Mind,4205,57
R00046,O000302,2025-04-03,Quality Issue,5164,111
R00047,O000303,2025-05-08,Size/Fit,934,124
R00048,O000304,2025-06-13,Changed Mind,1584,137
R00049,O000322,2025-12-25,Quality Issue,2368,101
R00050,O000323,2025-01-04,Size/Fit,3267,114
R00051,O000324,2025-02-09,Changed Mind,4205,127
R00052,O000342,2025-08-21,Quality Issue,5164,91
R00053,O000343,2025-09-26,Size/Fit,934,104
R00054,O000344,2025-10-05,Changed Mind,1584,117
R00055,O000362,2025-04-17,Quality Issue,2368,81
R00056,O000363,2025-05-22,Size/Fit,3267,94
R00057,O000364,2025-06-01,Changed Mind,4205,107
R00058,O000382,2025-12-13,Quality Issue,5164,71
R00059,O000383,2025-01-18,Size/Fit,934,84
R00060,O000384,2025-02-23,Changed Mind,1584,97
R00061,O000402,2025-08-09,Quality Issue,2368,61
R00062,O000403,2025-09-14,Size/Fit,3267,74
R00063,O000404,2025-10-19,Changed Mind,4205,87
R00064,O000422,2025-04-05,Quality Issue,5164,141
R00065,O000423,2025-05-10,Size/Fit,934,64
R00066,O000424,2025-06-15,Changed Mind,1584,77
R00067,O000442,2025-12-01,Quality Issue,2368,131
R00068,O000443,2025-01-06,Size/Fit,3267,144
R00069,O000444,2025-02-11,Changed Mind,4205,67
R00070,O000462,2025-08-23,Quality Issue,5164,121
R00071,O000463,2025-09-02,Size/Fit,934,134
R00072,O000464,2025-10-07,Changed Mind,1584,57
R00073,O000482,2025-04-19,Quality Issue,2368,111
R00074,O000483,2025-05-24,Size/Fit,3267,124
R00075,O000484,2025-06-03,Changed Mind,4205,137
R00076,O000502,2025-12-15,Quality Issue,5164,101
R00077,O000503,2025-01-20,Size/Fit,934,114
R00078,O000504,2025-02-25,Changed Mind,1584,127
R00079,O000522,2025-08-11,Quality Issue,2368,91
R00080,O000523,2025-09-16,Size/Fit,3267,104
R00081,O000524,2025-10-21,Changed Mind,4205,117
R00082,O000542,2025-04-07,Quality Issue,5164,81
R00083,O000543,2025-05-12,Size/Fit,934,94
R00084,O000544,2025-06-17,Changed Mind,1584,107
R00085,O000562,2025-12-03,Quality Issue,2368,71
R00086,O000563,2025-01-08,Size/Fit,3267,84
R00087,O000564,2025-02-13,Changed Mind,4205,97
R00088,O000582,2025-08-25,Quality Issue,5164,61
R00089,O000583,2025-09-04,Size/Fit,934,74
R00090,O000584,2025-10-09,Changed Mind,1584,87
