shipment_id,order_id,dispatch_date,promised_delivery_date,actual_delivery_date,delivery_status,logistics_partner,shipping_cost_inr
SH000001,O000001,2025-02-05,2025-02-08,2025-02-07,Not Shipped,Ecom Express,82
SH000002,O000002,2025-03-08,2025-03-11,2025-03-11,On Time,XpressBees,99
SH000003,O000003,2025-04-11,2025-04-14,2025-04-13,On Time,Blue Dart,116
SH000004,O000004,2025-05-14,2025-05-17,2025-05-17,On Time,Delhivery,133
SH000005,O000005,2025-06-17,2025-06-20,2025-06-19,On Time,Ecom Express,150
SH000006,O000006,2025-07-20,2025-07-23,2025-07-23,On Time,XpressBees,167
SH000007,O000007,2025-08-23,2025-08-26,2025-08-29,Late,Blue Dart,184
SH000008,O000008,2025-09-02,2025-09-05,2025-09-05,On Time,Delhivery,201
SH000009,O000009,2025-10-05,2025-10-08,2025-10-07,On Time,Ecom Express,218
SH000010,O000010,2025-11-08,2025-11-11,2025-11-11,On Time,XpressBees,235
SH000011,O000011,2025-12-11,2025-12-14,2025-12-13,On Time,Blue Dart,72
SH000012,O000012,2025-01-14,2025-01-17,2025-01-17,On Time,Delhivery,89
SH000013,O000013,2025-02-17,2025-02-20,2025-02-19,On Time,Ecom Express,106
SH000014,O000014,2025-03-20,2025-03-23,2025-03-27,Late,XpressBees,123
SH000015,O000015,2025-04-23,2025-04-26,2025-04-25,On Time,Blue Dart,140
SH000016,O000016,2025-05-02,2025-05-05,2025-05-05,On Time,Delhivery,157
SH000017,O000017,2025-06-05,2025-06-08,2025-06-07,On Time,Ecom Express,174
SH000018,O000018,2025-07-08,2025-07-11,2025-07-11,On Time,XpressBees,191
SH000019,O000019,2025-08-11,2025-08-14,2025-08-17,Late,Blue Dart,208
SH000020,O000020,2025-09-14,2025-09-17,2025-09-17,Not Shipped,Delhivery,225
SH000021,O000021,2025-10-17,2025-10-20,2025-10-22,Not Shipped,Ecom Express,242
SH000022,O000022,2025-11-20,2025-11-23,2025-11-23,On Time,XpressBees,79
SH000023,O000023,2025-12-23,2025-12-26,2025-12-25,On Time,Blue Dart,96
SH000024,O000024,2025-01-02,2025-01-05,2025-01-05,On Time,Delhivery,113
SH000025,O000025,2025-02-05,2025-02-08,2025-02-07,On Time,Ecom Express,130
SH000026,O000026,2025-03-08,2025-03-11,2025-03-11,On Time,XpressBees,147
SH000027,O000027,2025-04-11,2025-04-14,2025-04-13,On Time,Blue Dart,164
SH000028,O000028,2025-05-14,2025-05-17,2025-05-20,Late,Delhivery,181
SH000029,O000029,2025-06-17,2025-06-20,2025-06-19,On Time,Ecom Express,198
SH000030,O000030,2025-07-20,2025-07-23,2025-07-23,On Time,XpressBees,215
SH000031,O000031,2025-08-23,2025-08-26,2025-08-25,On Time,Blue Dart,232
SH000032,O000032,2025-09-02,2025-09-05,2025-09-05,On Time,Delhivery,69
SH000033,O000033,2025-10-05,2025-10-08,2025-10-07,On Time,Ecom Express,86
SH000034,O000034,2025-11-08,2025-11-11,2025-11-11,On Time,XpressBees,103
SH000035,O000035,2025-12-11,2025-12-14,2025-12-18,Late,Blue Dart,120
SH000036,O000036,2025-01-14,2025-01-17,2025-01-17,On Time,Delhivery,137
SH000037,O000037,2025-02-17,2025-02-20,2025-02-19,On Time,Ecom Express,154
SH000038,O000038,2025-03-20,2025-03-23,2025-03-27,Late,XpressBees,171
SH000039,O000039,2025-04-23,2025-04-26,2025-04-25,On Time,Blue Dart,188
SH000040,O000040,2025-05-02,2025-05-05,2025-05-05,Not Shipped,Delhivery,205
SH000041,O000041,2025-06-05,2025-06-08,2025-06-07,Not Shipped,Ecom Express,222
SH000042,O000042,2025-07-08,2025-07-11,2025-07-13,Late,XpressBees,239
SH000043,O000043,2025-08-11,2025-08-14,2025-08-13,On Time,Blue Dart,76
SH000044,O000044,2025-09-14,2025-09-17,2025-09-17,On Time,Delhivery,93
SH000045,O000045,2025-10-17,2025-10-20,2025-10-19,On Time,Ecom Express,110
SH000046,O000046,2025-11-20,2025-11-23,2025-11-23,On Time,XpressBees,127
SH000047,O000047,2025-12-23,2025-12-26,2025-12-25,On Time,Blue Dart,144
SH000048,O000048,2025-01-02,2025-01-05,2025-01-05,On Time,Delhivery,161
SH000049,O000049,2025-02-05,2025-02-08,2025-02-11,Late,Ecom Express,178
SH000050,O000050,2025-03-08,2025-03-11,2025-03-11,On Time,XpressBees,195
SH000051,O000051,2025-04-11,2025-04-14,2025-04-13,On Time,Blue Dart,212
SH000052,O000052,2025-05-14,2025-05-17,2025-05-17,On Time,Delhivery,229
SH000053,O000053,2025-06-17,2025-06-20,2025-06-19,On Time,Ecom Express,66
SH000054,O000054,2025-07-20,2025-07-23,2025-07-23,On Time,XpressBees,83
SH000055,O000055,2025-08-23,2025-08-26,2025-08-25,On Time,Blue Dart,100
SH000056,O000056,2025-09-02,2025-09-05,2025-09-09,Late,Delhivery,117
SH000057,O000057,2025-10-05,2025-10-08,2025-10-10,Late,Ecom Express,134
SH000058,O000058,2025-11-08,2025-11-11,2025-11-11,On Time,XpressBees,151
SH000059,O000059,2025-12-11,2025-12-14,2025-12-13,On Time,Blue Dart,168
SH000060,O000060,2025-01-14,2025-01-17,2025-01-17,Not Shipped,Delhivery,185
SH000061,O000061,2025-02-17,2025-02-20,2025-02-19,Not Shipped,Ecom Express,202
SH000062,O000062,2025-03-20,2025-03-23,2025-03-23,On Time,XpressBees,219
SH000063,O000063,2025-04-23,2025-04-26,2025-04-28,Late,Blue Dart,236
SH000064,O000064,2025-05-02,2025-05-05,2025-05-05,On Time,Delhivery,73
SH000065,O000065,2025-06-05,2025-06-08,2025-06-07,On Time,Ecom Express,90
SH000066,O000066,2025-07-08,2025-07-11,2025-07-11,On Time,XpressBees,107
SH000067,O000067,2025-08-11,2025-08-14,2025-08-13,On Time,Blue Dart,124
SH000068,O000068,2025-09-14,2025-09-17,2025-09-17,On Time,Delhivery,141
SH000069,O000069,2025-10-17,2025-10-20,2025-10-19,On Time,Ecom Express,158
SH000070,O000070,2025-11-20,2025-11-23,2025-11-26,Late,XpressBees,175
SH000071,O000071,2025-12-23,2025-12-26,2025-12-25,On Time,Blue Dart,192
SH000072,O000072,2025-01-02,2025-01-05,2025-01-05,On Time,Delhivery,209
SH000073,O000073,2025-02-05,2025-02-08,2025-02-07,On Time,Ecom Express,226
SH000074,O000074,2025-03-08,2025-03-11,2025-03-11,On Time,XpressBees,243
SH000075,O000075,2025-04-11,2025-04-14,2025-04-13,On Time,Blue Dart,80
SH000076,O000076,2025-05-14,2025-05-17,2025-05-20,Late,Delhivery,97
SH000077,O000077,2025-06-17,2025-06-20,2025-06-24,Late,Ecom Express,114
SH000078,O000078,2025-07-20,2025-07-23,2025-07-23,On Time,XpressBees,131
SH000079,O000079,2025-08-23,2025-08-26,2025-08-25,On Time,Blue Dart,148
SH000080,O000080,2025-09-02,2025-09-05,2025-09-05,Not Shipped,Delhivery,165
SH000081,O000081,2025-10-05,2025-10-08,2025-10-07,Not Shipped,Ecom Express,182
SH000082,O000082,2025-11-08,2025-11-11,2025-11-11,On Time,XpressBees,199
SH000083,O000083,2025-12-11,2025-12-14,2025-12-13,On Time,Blue Dart,216
SH000084,O000084,2025-01-14,2025-01-17,2025-01-19,Late,Delhivery,233
SH000085,O000085,2025-02-17,2025-02-20,2025-02-19,On Time,Ecom Express,70
SH000086,O000086,2025-03-20,2025-03-23,2025-03-23,On Time,XpressBees,87
SH000087,O000087,2025-04-23,2025-04-26,2025-04-25,On Time,Blue Dart,104
SH000088,O000088,2025-05-02,2025-05-05,2025-05-05,On Time,Delhivery,121
SH000089,O000089,2025-06-05,2025-06-08,2025-06-07,On Time,Ecom Express,138
SH000090,O000090,2025-07-08,2025-07-11,2025-07-11,On Time,XpressBees,155
SH000091,O000091,2025-08-11,2025-08-14,2025-08-17,Late,Blue Dart,172
SH000092,O000092,2025-09-14,2025-09-17,2025-09-17,On Time,Delhivery,189
SH000093,O000093,2025-10-17,2025-10-20,2025-10-19,On Time,Ecom Express,206
SH000094,O000094,2025-11-20,2025-11-23,2025-11-23,On Time,XpressBees,223
SH000095,O000095,2025-12-23,2025-12-26,2025-12-30,Late,Blue Dart,240
SH000096,O000096,2025-01-02,2025-01-05,2025-01-05,On Time,Delhivery,77
SH000097,O000097,2025-02-05,2025-02-08,2025-02-07,On Time,Ecom Express,94
SH000098,O000098,2025-03-08,2025-03-11,2025-03-15,Late,XpressBees,111
SH000099,O000099,2025-04-11,2025-04-14,2025-04-13,On Time,Blue Dart,128
SH000100,O000100,2025-05-14,2025-05-17,2025-05-17,Not Shipped,Delhivery,145
SH000101,O000101,2025-06-17,2025-06-20,2025-06-19,Not Shipped,Ecom Express,162
SH000102,O000102,2025-07-20,2025-07-23,2025-07-23,On Time,XpressBees,179
SH000103,O000103,2025-08-23,2025-08-26,2025-08-25,On Time,Blue Dart,196
SH000104,O000104,2025-09-02,2025-09-05,2025-09-05,On Time,Delhivery,213
SH000105,O000105,2025-10-05,2025-10-08,2025-10-10,Late,Ecom Express,230
SH000106,O000106,2025-11-08,2025-11-11,2025-11-11,On Time,XpressBees,67
SH000107,O000107,2025-12-11,2025-12-14,2025-12-13,On Time,Blue Dart,84
SH000108,O000108,2025-01-14,2025-01-17,2025-01-17,On Time,Delhivery,101
SH000109,O000109,2025-02-17,2025-02-20,2025-02-19,On Time,Ecom Express,118
SH000110,O000110,2025-03-20,2025-03-23,2025-03-23,On Time,XpressBees,135
SH000111,O000111,2025-04-23,2025-04-26,2025-04-25,On Time,Blue Dart,152
SH000112,O000112,2025-05-02,2025-05-05,2025-05-08,Late,Delhivery,169
SH000113,O000113,2025-06-05,2025-06-08,2025-06-07,On Time,Ecom Express,186
SH000114,O000114,2025-07-08,2025-07-11,2025-07-13,Late,XpressBees,203
SH000115,O000115,2025-08-11,2025-08-14,2025-08-13,On Time,Blue Dart,220
SH000116,O000116,2025-09-14,2025-09-17,2025-09-17,On Time,Delhivery,237
SH000117,O000117,2025-10-17,2025-10-20,2025-10-19,On Time,Ecom Express,74
SH000118,O000118,2025-11-20,2025-11-23,2025-11-23,On Time,XpressBees,91
SH000119,O000119,2025-12-23,2025-12-26,2025-12-30,Late,Blue Dart,108
SH000120,O000120,2025-01-02,2025-01-05,2025-01-05,Not Shipped,Delhivery,125
SH000121,O000121,2025-02-05,2025-02-08,2025-02-07,Not Shipped,Ecom Express,142
SH000122,O000122,2025-03-08,2025-03-11,2025-03-11,On Time,XpressBees,159
SH000123,O000123,2025-04-11,2025-04-14,2025-04-13,On Time,Blue Dart,176
SH000124,O000124,2025-05-14,2025-05-17,2025-05-17,On Time,Delhivery,193
SH000125,O000125,2025-06-17,2025-06-20,2025-06-19,On Time,Ecom Express,210
SH000126,O000126,2025-07-20,2025-07-23,2025-07-25,Late,XpressBees,227
SH000127,O000127,2025-08-23,2025-08-26,2025-08-25,On Time,Blue Dart,244
SH000128,O000128,2025-09-02,2025-09-05,2025-09-05,On Time,Delhivery,81
SH000129,O000129,2025-10-05,2025-10-08,2025-10-07,On Time,Ecom Express,98
SH000130,O000130,2025-11-08,2025-11-11,2025-11-11,On Time,XpressBees,115
SH000131,O000131,2025-12-11,2025-12-14,2025-12-13,On Time,Blue Dart,132
SH000132,O000132,2025-01-14,2025-01-17,2025-01-17,On Time,Delhivery,149
SH000133,O000133,2025-02-17,2025-02-20,2025-02-23,Late,Ecom Express,166
SH000134,O000134,2025-03-20,2025-03-23,2025-03-23,On Time,XpressBees,183
SH000135,O000135,2025-04-23,2025-04-26,2025-04-25,On Time,Blue Dart,200
SH000136,O000136,2025-05-02,2025-05-05,2025-05-05,On Time,Delhivery,217
SH000137,O000137,2025-06-05,2025-06-08,2025-06-07,On Time,Ecom Express,234
SH000138,O000138,2025-07-08,2025-07-11,2025-07-11,On Time,XpressBees,71
SH000139,O000139,2025-08-11,2025-08-14,2025-08-13,On Time,Blue Dart,88
SH000140,O000140,2025-09-14,2025-09-17,2025-09-21,Not Shipped,Delhivery,105
SH000141,O000141,2025-10-17,2025-10-20,2025-10-19,Not Shipped,Ecom Express,122
SH000142,O000142,2025-11-20,2025-11-23,2025-11-23,On Time,XpressBees,139
SH000143,O000143,2025-12-23,2025-12-26,2025-12-25,On Time,Blue Dart,156
SH000144,O000144,2025-01-02,2025-01-05,2025-01-05,On Time,Delhivery,173
SH000145,O000145,2025-02-05,2025-02-08,2025-02-07,On Time,Ecom Express,190
SH000146,O000146,2025-03-08,2025-03-11,2025-03-11,On Time,XpressBees,207
SH000147,O000147,2025-04-11,2025-04-14,2025-04-16,Late,Blue Dart,224
SH000148,O000148,2025-05-14,2025-05-17,2025-05-17,On Time,Delhivery,241
SH000149,O000149,2025-06-17,2025-06-20,2025-06-19,On Time,Ecom Express,78
SH000150,O000150,2025-07-20,2025-07-23,2025-07-23,On Time,XpressBees,95
SH000151,O000151,2025-08-23,2025-08-26,2025-08-25,On Time,Blue Dart,112
SH000152,O000152,2025-09-02,2025-09-05,2025-09-09,Late,Delhivery,129
SH000153,O000153,2025-10-05,2025-10-08,2025-10-07,On Time,Ecom Express,146
SH000154,O000154,2025-11-08,2025-11-11,2025-11-14,Late,XpressBees,163
SH000155,O000155,2025-12-11,2025-12-14,2025-12-13,On Time,Blue Dart,180
SH000156,O000156,2025-01-14,2025-01-17,2025-01-17,On Time,Delhivery,197
SH000157,O000157,2025-02-17,2025-02-20,2025-02-19,On Time,Ecom Express,214
SH000158,O000158,2025-03-20,2025-03-23,2025-03-23,On Time,XpressBees,231
SH000159,O000159,2025-04-23,2025-04-26,2025-04-25,On Time,Blue Dart,68
SH000160,O000160,2025-05-02,2025-05-05,2025-05-05,Not Shipped,Delhivery,85
SH000161,O000161,2025-06-05,2025-06-08,2025-06-12,Not Shipped,Ecom Express,102
SH000162,O000162,2025-07-08,2025-07-11,2025-07-11,On Time,XpressBees,119
SH000163,O000163,2025-08-11,2025-08-14,2025-08-13,On Time,Blue Dart,136
SH000164,O000164,2025-09-14,2025-09-17,2025-09-17,On Time,Delhivery,153
SH000165,O000165,2025-10-17,2025-10-20,2025-10-19,On Time,Ecom Express,170
SH000166,O000166,2025-11-20,2025-11-23,2025-11-23,On Time,XpressBees,187
SH000167,O000167,2025-12-23,2025-12-26,2025-12-25,On Time,Blue Dart,204
SH000168,O000168,2025-01-02,2025-01-05,2025-01-07,Late,Delhivery,221
SH000169,O000169,2025-02-05,2025-02-08,2025-02-07,On Time,Ecom Express,238
SH000170,O000170,2025-03-08,2025-03-11,2025-03-11,On Time,XpressBees,75
SH000171,O000171,2025-04-11,2025-04-14,2025-04-16,Late,Blue Dart,92
SH000172,O000172,2025-05-14,2025-05-17,2025-05-17,On Time,Delhivery,109
SH000173,O000173,2025-06-17,2025-06-20,2025-06-19,On Time,Ecom Express,126
SH000174,O000174,2025-07-20,2025-07-23,2025-07-23,On Time,XpressBees,143
SH000175,O000175,2025-08-23,2025-08-26,2025-08-29,Late,Blue Dart,160
SH000176,O000176,2025-09-02,2025-09-05,2025-09-05,On Time,Delhivery,177
SH000177,O000177,2025-10-05,2025-10-08,2025-10-07,On Time,Ecom Express,194
SH000178,O000178,2025-11-08,2025-11-11,2025-11-11,On Time,XpressBees,211
SH000179,O000179,2025-12-11,2025-12-14,2025-12-13,On Time,Blue Dart,228
SH000180,O000180,2025-01-14,2025-01-17,2025-01-17,Not Shipped,Delhivery,65
SH000181,O000181,2025-02-17,2025-02-20,2025-02-19,Not Shipped,Ecom Express,82
SH000182,O000182,2025-03-20,2025-03-23,2025-03-27,Late,XpressBees,99
SH000183,O000183,2025-04-23,2025-04-26,2025-04-25,On Time,Blue Dart,116
SH000184,O000184,2025-05-02,2025-05-05,2025-05-05,On Time,Delhivery,133
SH000185,O000185,2025-06-05,2025-06-08,2025-06-07,On Time,Ecom Express,150
SH000186,O000186,2025-07-08,2025-07-11,2025-07-11,On Time,XpressBees,167
SH000187,O000187,2025-08-11,2025-08-14,2025-08-13,On Time,Blue Dart,184
SH000188,O000188,2025-09-14,2025-09-17,2025-09-17,On Time,Delhivery,201
SH000189,O000189,2025-10-17,2025-10-20,2025-10-22,Late,Ecom Express,218
SH000190,O000190,2025-11-20,2025-11-23,2025-11-26,Late,XpressBees,235
SH000191,O000191,2025-12-23,2025-12-26,2025-12-25,On Time,Blue Dart,72
SH000192,O000192,2025-01-02,2025-01-05,2025-01-05,On Time,Delhivery,89
SH000193,O000193,2025-02-05,2025-02-08,2025-02-07,On Time,Ecom Express,106
SH000194,O000194,2025-03-08,2025-03-11,2025-03-11,On Time,XpressBees,123
SH000195,O000195,2025-04-11,2025-04-14,2025-04-13,On Time,Blue Dart,140
SH000196,O000196,2025-05-14,2025-05-17,2025-05-20,Late,Delhivery,157
SH000197,O000197,2025-06-17,2025-06-20,2025-06-19,On Time,Ecom Express,174
SH000198,O000198,2025-07-20,2025-07-23,2025-07-23,On Time,XpressBees,191
SH000199,O000199,2025-08-23,2025-08-26,2025-08-25,On Time,Blue Dart,208
SH000200,O000200,2025-09-02,2025-09-05,2025-09-05,Not Shipped,Delhivery,225
SH000201,O000201,2025-10-05,2025-10-08,2025-10-07,Not Shipped,Ecom Express,242
SH000202,O000202,2025-11-08,2025-11-11,2025-11-11,On Time,XpressBees,79
SH000203,O000203,2025-12-11,2025-12-14,2025-12-18,Late,Blue Dart,96
SH000204,O000204,2025-01-14,2025-01-17,2025-01-17,On Time,Delhivery,113
SH000205,O000205,2025-02-17,2025-02-20,2025-02-19,On Time,Ecom Express,130
SH000206,O000206,2025-03-20,2025-03-23,2025-03-23,On Time,XpressBees,147
SH000207,O000207,2025-04-23,2025-04-26,2025-04-25,On Time,Blue Dart,164
SH000208,O000208,2025-05-02,2025-05-05,2025-05-05,On Time,Delhivery,181
SH000209,O000209,2025-06-05,2025-06-08,2025-06-12,Late,Ecom Express,198
SH000210,O000210,2025-07-08,2025-07-11,2025-07-13,Late,XpressBees,215
SH000211,O000211,2025-08-11,2025-08-14,2025-08-13,On Time,Blue Dart,232
SH000212,O000212,2025-09-14,2025-09-17,2025-09-17,On Time,Delhivery,69
SH000213,O000213,2025-10-17,2025-10-20,2025-10-19,On Time,Ecom Express,86
SH000214,O000214,2025-11-20,2025-11-23,2025-11-23,On Time,XpressBees,103
SH000215,O000215,2025-12-23,2025-12-26,2025-12-25,On Time,Blue Dart,120
SH000216,O000216,2025-01-02,2025-01-05,2025-01-05,On Time,Delhivery,137
SH000217,O000217,2025-02-05,2025-02-08,2025-02-11,Late,Ecom Express,154
SH000218,O000218,2025-03-08,2025-03-11,2025-03-11,On Time,XpressBees,171
SH000219,O000219,2025-04-11,2025-04-14,2025-04-13,On Time,Blue Dart,188
SH000220,O000220,2025-05-14,2025-05-17,2025-05-17,Not Shipped,Delhivery,205
SH000221,O000221,2025-06-17,2025-06-20,2025-06-19,Not Shipped,Ecom Express,222
SH000222,O000222,2025-07-20,2025-07-23,2025-07-23,On Time,XpressBees,239
SH000223,O000223,2025-08-23,2025-08-26,2025-08-25,On Time,Blue Dart,76
SH000224,O000224,2025-09-02,2025-09-05,2025-09-09,Late,Delhivery,93
SH000225,O000225,2025-10-05,2025-10-08,2025-10-07,On Time,Ecom Express,110
SH000226,O000226,2025-11-08,2025-11-11,2025-11-11,On Time,XpressBees,127
SH000227,O000227,2025-12-11,2025-12-14,2025-12-13,On Time,Blue Dart,144
SH000228,O000228,2025-01-14,2025-01-17,2025-01-19,Late,Delhivery,161
SH000229,O000229,2025-02-17,2025-02-20,2025-02-19,On Time,Ecom Express,178
SH000230,O000230,2025-03-20,2025-03-23,2025-03-23,On Time,XpressBees,195
SH000231,O000231,2025-04-23,2025-04-26,2025-04-28,Late,Blue Dart,212
SH000232,O000232,2025-05-02,2025-05-05,2025-05-05,On Time,Delhivery,229
SH000233,O000233,2025-06-05,2025-06-08,2025-06-07,On Time,Ecom Express,66
SH000234,O000234,2025-07-08,2025-07-11,2025-07-11,On Time,XpressBees,83
SH000235,O000235,2025-08-11,2025-08-14,2025-08-13,On Time,Blue Dart,100
SH000236,O000236,2025-09-14,2025-09-17,2025-09-17,On Time,Delhivery,117
SH000237,O000237,2025-10-17,2025-10-20,2025-10-19,On Time,Ecom Express,134
SH000238,O000238,2025-11-20,2025-11-23,2025-11-26,Late,XpressBees,151
SH000239,O000239,2025-12-23,2025-12-26,2025-12-25,On Time,Blue Dart,168
SH000240,O000240,2025-01-02,2025-01-05,2025-01-05,Not Shipped,Delhivery,185
SH000241,O000241,2025-02-05,2025-02-08,2025-02-07,Not Shipped,Ecom Express,202
SH000242,O000242,2025-03-08,2025-03-11,2025-03-11,On Time,XpressBees,219
SH000243,O000243,2025-04-11,2025-04-14,2025-04-13,On Time,Blue Dart,236
SH000244,O000244,2025-05-14,2025-05-17,2025-05-17,On Time,Delhivery,73
SH000245,O000245,2025-06-17,2025-06-20,2025-06-24,Late,Ecom Express,90
SH000246,O000246,2025-07-20,2025-07-23,2025-07-23,On Time,XpressBees,107
SH000247,O000247,2025-08-23,2025-08-26,2025-08-29,Late,Blue Dart,124
SH000248,O000248,2025-09-02,2025-09-05,2025-09-05,On Time,Delhivery,141
SH000249,O000249,2025-10-05,2025-10-08,2025-10-07,On Time,Ecom Express,158
SH000250,O000250,2025-11-08,2025-11-11,2025-11-11,On Time,XpressBees,175
SH000251,O000251,2025-12-11,2025-12-14,2025-12-13,On Time,Blue Dart,192
SH000252,O000252,2025-01-14,2025-01-17,2025-01-19,Late,Delhivery,209
SH000253,O000253,2025-02-17,2025-02-20,2025-02-19,On Time,Ecom Express,226
SH000254,O000254,2025-03-20,2025-03-23,2025-03-23,On Time,XpressBees,243
SH000255,O000255,2025-04-23,2025-04-26,2025-04-25,On Time,Blue Dart,80
SH000256,O000256,2025-05-02,2025-05-05,2025-05-05,On Time,Delhivery,97
SH000257,O000257,2025-06-05,2025-06-08,2025-06-07,On Time,Ecom Express,114
SH000258,O000258,2025-07-08,2025-07-11,2025-07-11,On Time,XpressBees,131
SH000259,O000259,2025-08-11,2025-08-14,2025-08-17,Late,Blue Dart,148
SH000260,O000260,2025-09-14,2025-09-17,2025-09-17,Not Shipped,Delhivery,165
SH000261,O000261,2025-10-17,2025-10-20,2025-10-19,Not Shipped,Ecom Express,182
SH000262,O000262,2025-11-20,2025-11-23,2025-11-23,On Time,XpressBees,199
SH000263,O000263,2025-12-23,2025-12-26,2025-12-25,On Time,Blue Dart,216
SH000264,O000264,2025-01-02,2025-01-05,2025-01-05,On Time,Delhivery,233
SH000265,O000265,2025-02-05,2025-02-08,2025-02-07,On Time,Ecom Express,70
SH000266,O000266,2025-03-08,2025-03-11,2025-03-15,Late,XpressBees,87
SH000267,O000267,2025-04-11,2025-04-14,2025-04-13,On Time,Blue Dart,104
SH000268,O000268,2025-05-14,2025-05-17,2025-05-17,On Time,Delhivery,121
SH000269,O000269,2025-06-17,2025-06-20,2025-06-19,On Time,Ecom Express,138
SH000270,O000270,2025-07-20,2025-07-23,2025-07-23,On Time,XpressBees,155
SH000271,O000271,2025-08-23,2025-08-26,2025-08-25,On Time,Blue Dart,172
SH000272,O000272,2025-09-02,2025-09-05,2025-09-05,On Time,Delhivery,189
SH000273,O000273,2025-10-05,2025-10-08,2025-10-10,Late,Ecom Express,206
SH000274,O000274,2025-11-08,2025-11-11,2025-11-11,On Time,XpressBees,223
SH000275,O000275,2025-12-11,2025-12-14,2025-12-13,On Time,Blue Dart,240
SH000276,O000276,2025-01-14,2025-01-17,2025-01-17,On Time,Delhivery,77
SH000277,O000277,2025-02-17,2025-02-20,2025-02-19,On Time,Ecom Express,94
SH000278,O000278,2025-03-20,2025-03-23,2025-03-23,On Time,XpressBees,111
SH000279,O000279,2025-04-23,2025-04-26,2025-04-25,On Time,Blue Dart,128
SH000280,O000280,2025-05-02,2025-05-05,2025-05-08,Not Shipped,Delhivery,145
SH000281,O000281,2025-06-05,2025-06-08,2025-06-07,Not Shipped,Ecom Express,162
SH000282,O000282,2025-07-08,2025-07-11,2025-07-11,On Time,XpressBees,179
SH000283,O000283,2025-08-11,2025-08-14,2025-08-13,On Time,Blue Dart,196
SH000284,O000284,2025-09-14,2025-09-17,2025-09-17,On Time,Delhivery,213
SH000285,O000285,2025-10-17,2025-10-20,2025-10-22,Late,Ecom Express,230
SH000286,O000286,2025-11-20,2025-11-23,2025-11-23,On Time,XpressBees,67
SH000287,O000287,2025-12-23,2025-12-26,2025-12-30,Late,Blue Dart,84
SH000288,O000288,2025-01-02,2025-01-05,2025-01-05,On Time,Delhivery,101
SH000289,O000289,2025-02-05,2025-02-08,2025-02-07,On Time,Ecom Express,118
SH000290,O000290,2025-03-08,2025-03-11,2025-03-11,On Time,XpressBees,135
SH000291,O000291,2025-04-11,2025-04-14,2025-04-13,On Time,Blue Dart,152
SH000292,O000292,2025-05-14,2025-05-17,2025-05-17,On Time,Delhivery,169
SH000293,O000293,2025-06-17,2025-06-20,2025-06-19,On Time,Ecom Express,186
SH000294,O000294,2025-07-20,2025-07-23,2025-07-25,Late,XpressBees,203
SH000295,O000295,2025-08-23,2025-08-26,2025-08-25,On Time,Blue Dart,220
SH000296,O000296,2025-09-02,2025-09-05,2025-09-05,On Time,Delhivery,237
SH000297,O000297,2025-10-05,2025-10-08,2025-10-07,On Time,Ecom Express,74
SH000298,O000298,2025-11-08,2025-11-11,2025-11-11,On Time,XpressBees,91
SH000299,O000299,2025-12-11,2025-12-14,2025-12-13,On Time,Blue Dart,108
SH000300,O000300,2025-01-14,2025-01-17,2025-01-17,Not Shipped,Delhivery,125
SH000301,O000301,2025-02-17,2025-02-20,2025-02-23,Not Shipped,Ecom Express,142
SH000302,O000302,2025-03-20,2025-03-23,2025-03-23,On Time,XpressBees,159
SH000303,O000303,2025-04-23,2025-04-26,2025-04-25,On Time,Blue Dart,176
SH000304,O000304,2025-05-02,2025-05-05,2025-05-08,Late,Delhivery,193
SH000305,O000305,2025-06-05,2025-06-08,2025-06-07,On Time,Ecom Express,210
SH000306,O000306,2025-07-08,2025-07-11,2025-07-11,On Time,XpressBees,227
SH000307,O000307,2025-08-11,2025-08-14,2025-08-13,On Time,Blue Dart,244
SH000308,O000308,2025-09-14,2025-09-17,2025-09-21,Late,Delhivery,81
SH000309,O000309,2025-10-17,2025-10-20,2025-10-19,On Time,Ecom Express,98
SH000310,O000310,2025-11-20,2025-11-23,2025-11-23,On Time,XpressBees,115
SH000311,O000311,2025-12-23,2025-12-26,2025-12-25,On Time,Blue Dart,132
SH000312,O000312,2025-01-02,2025-01-05,2025-01-05,On Time,Delhivery,149
SH000313,O000313,2025-02-05,2025-02-08,2025-02-07,On Time,Ecom Express,166
SH000314,O000314,2025-03-08,2025-03-11,2025-03-11,On Time,XpressBees,183
SH000315,O000315,2025-04-11,2025-04-14,2025-04-16,Late,Blue Dart,200
SH000316,O000316,2025-05-14,2025-05-17,2025-05-17,On Time,Delhivery,217
SH000317,O000317,2025-06-17,2025-06-20,2025-06-19,On Time,Ecom Express,234
SH000318,O000318,2025-07-20,2025-07-23,2025-07-23,On Time,XpressBees,71
SH000319,O000319,2025-08-23,2025-08-26,2025-08-25,On Time,Blue Dart,88
SH000320,O000320,2025-09-02,2025-09-05,2025-09-05,Not Shipped,Delhivery,105
SH000321,O000321,2025-10-05,2025-10-08,2025-10-07,Not Shipped,Ecom Express,122
SH000322,O000322,2025-11-08,2025-11-11,2025-11-14,Late,XpressBees,139
SH000323,O000323,2025-12-11,2025-12-14,2025-12-18,Late,Blue Dart,156
SH000324,O000324,2025-01-14,2025-01-17,2025-01-17,On Time,Delhivery,173
SH000325,O000325,2025-02-17,2025-02-20,2025-02-19,On Time,Ecom Express,190
SH000326,O000326,2025-03-20,2025-03-23,2025-03-23,On Time,XpressBees,207
SH000327,O000327,2025-04-23,2025-04-26,2025-04-25,On Time,Blue Dart,224
SH000328,O000328,2025-05-02,2025-05-05,2025-05-05,On Time,Delhivery,241
SH000329,O000329,2025-06-05,2025-06-08,2025-06-12,Late,Ecom Express,78
SH000330,O000330,2025-07-08,2025-07-11,2025-07-11,On Time,XpressBees,95
SH000331,O000331,2025-08-11,2025-08-14,2025-08-13,On Time,Blue Dart,112
SH000332,O000332,2025-09-14,2025-09-17,2025-09-17,On Time,Delhivery,129
SH000333,O000333,2025-10-17,2025-10-20,2025-10-19,On Time,Ecom Express,146
SH000334,O000334,2025-11-20,2025-11-23,2025-11-23,On Time,XpressBees,163
SH000335,O000335,2025-12-23,2025-12-26,2025-12-25,On Time,Blue Dart,180
SH000336,O000336,2025-01-02,2025-01-05,2025-01-07,Late,Delhivery,197
SH000337,O000337,2025-02-05,2025-02-08,2025-02-07,On Time,Ecom Express,214
SH000338,O000338,2025-03-08,2025-03-11,2025-03-11,On Time,XpressBees,231
SH000339,O000339,2025-04-11,2025-04-14,2025-04-13,On Time,Blue Dart,68
SH000340,O000340,2025-05-14,2025-05-17,2025-05-17,Not Shipped,Delhivery,85
SH000341,O000341,2025-06-17,2025-06-20,2025-06-19,Not Shipped,Ecom Express,102
SH000342,O000342,2025-07-20,2025-07-23,2025-07-25,Late,XpressBees,119
SH000343,O000343,2025-08-23,2025-08-26,2025-08-29,Late,Blue Dart,136
SH000344,O000344,2025-09-02,2025-09-05,2025-09-05,On Time,Delhivery,153
SH000345,O000345,2025-10-05,2025-10-08,2025-10-07,On Time,Ecom Express,170
SH000346,O000346,2025-11-08,2025-11-11,2025-11-11,On Time,XpressBees,187
SH000347,O000347,2025-12-11,2025-12-14,2025-12-13,On Time,Blue Dart,204
SH000348,O000348,2025-01-14,2025-01-17,2025-01-17,On Time,Delhivery,221
SH000349,O000349,2025-02-17,2025-02-20,2025-02-19,On Time,Ecom Express,238
SH000350,O000350,2025-03-20,2025-03-23,2025-03-27,Late,XpressBees,75
SH000351,O000351,2025-04-23,2025-04-26,2025-04-25,On Time,Blue Dart,92
SH000352,O000352,2025-05-02,2025-05-05,2025-05-05,On Time,Delhivery,109
SH000353,O000353,2025-06-05,2025-06-08,2025-06-07,On Time,Ecom Express,126
SH000354,O000354,2025-07-08,2025-07-11,2025-07-11,On Time,XpressBees,143
SH000355,O000355,2025-08-11,2025-08-14,2025-08-13,On Time,Blue Dart,160
SH000356,O000356,2025-09-14,2025-09-17,2025-09-17,On Time,Delhivery,177
SH000357,O000357,2025-10-17,2025-10-20,2025-10-22,Late,Ecom Express,194
SH000358,O000358,2025-11-20,2025-11-23,2025-11-23,On Time,XpressBees,211
SH000359,O000359,2025-12-23,2025-12-26,2025-12-25,On Time,Blue Dart,228
SH000360,O000360,2025-01-02,2025-01-05,2025-01-05,Not Shipped,Delhivery,65
SH000361,O000361,2025-02-05,2025-02-08,2025-02-11,Not Shipped,Ecom Express,82
SH000362,O000362,2025-03-08,2025-03-11,2025-03-11,On Time,XpressBees,99
SH000363,O000363,2025-04-11,2025-04-14,2025-04-13,On Time,Blue Dart,116
SH000364,O000364,2025-05-14,2025-05-17,2025-05-20,Late,Delhivery,133
SH000365,O000365,2025-06-17,2025-06-20,2025-06-19,On Time,Ecom Express,150
SH000366,O000366,2025-07-20,2025-07-23,2025-07-23,On Time,XpressBees,167
SH000367,O000367,2025-08-23,2025-08-26,2025-08-25,On Time,Blue Dart,184
SH000368,O000368,2025-09-02,2025-09-05,2025-09-05,On Time,Delhivery,201
SH000369,O000369,2025-10-05,2025-10-08,2025-10-07,On Time,Ecom Express,218
SH000370,O000370,2025-11-08,2025-11-11,2025-11-11,On Time,XpressBees,235
SH000371,O000371,2025-12-11,2025-12-14,2025-12-18,Late,Blue Dart,72
SH000372,O000372,2025-01-14,2025-01-17,2025-01-17,On Time,Delhivery,89
SH000373,O000373,2025-02-17,2025-02-20,2025-02-19,On Time,Ecom Express,106
SH000374,O000374,2025-03-20,2025-03-23,2025-03-23,On Time,XpressBees,123
SH000375,O000375,2025-04-23,2025-04-26,2025-04-25,On Time,Blue Dart,140
SH000376,O000376,2025-05-02,2025-05-05,2025-05-05,On Time,Delhivery,157
SH000377,O000377,2025-06-05,2025-06-08,2025-06-07,On Time,Ecom Express,174
SH000378,O000378,2025-07-08,2025-07-11,2025-07-13,Late,XpressBees,191
SH000379,O000379,2025-08-11,2025-08-14,2025-08-13,On Time,Blue Dart,208
SH000380,O000380,2025-09-14,2025-09-17,2025-09-21,Not Shipped,Delhivery,225
SH000381,O000381,2025-10-17,2025-10-20,2025-10-19,Not Shipped,Ecom Express,242
SH000382,O000382,2025-11-20,2025-11-23,2025-11-23,On Time,XpressBees,79
SH000383,O000383,2025-12-23,2025-12-26,2025-12-25,On Time,Blue Dart,96
SH000384,O000384,2025-01-02,2025-01-05,2025-01-05,On Time,Delhivery,113
SH000385,O000385,2025-02-05,2025-02-08,2025-02-11,Late,Ecom Express,130
SH000386,O000386,2025-03-08,2025-03-11,2025-03-11,On Time,XpressBees,147
SH000387,O000387,2025-04-11,2025-04-14,2025-04-13,On Time,Blue Dart,164
SH000388,O000388,2025-05-14,2025-05-17,2025-05-17,On Time,Delhivery,181
SH000389,O000389,2025-06-17,2025-06-20,2025-06-19,On Time,Ecom Express,198
SH000390,O000390,2025-07-20,2025-07-23,2025-07-23,On Time,XpressBees,215
SH000391,O000391,2025-08-23,2025-08-26,2025-08-25,On Time,Blue Dart,232
SH000392,O000392,2025-09-02,2025-09-05,2025-09-09,Late,Delhivery,69
SH000393,O000393,2025-10-05,2025-10-08,2025-10-07,On Time,Ecom Express,86
SH000394,O000394,2025-11-08,2025-11-11,2025-11-11,On Time,XpressBees,103
SH000395,O000395,2025-12-11,2025-12-14,2025-12-13,On Time,Blue Dart,120
SH000396,O000396,2025-01-14,2025-01-17,2025-01-17,On Time,Delhivery,137
SH000397,O000397,2025-02-17,2025-02-20,2025-02-19,On Time,Ecom Express,154
SH000398,O000398,2025-03-20,2025-03-23,2025-03-23,On Time,XpressBees,171
SH000399,O000399,2025-04-23,2025-04-26,2025-04-28,Late,Blue Dart,188
SH000400,O000400,2025-05-02,2025-05-05,2025-05-05,Not Shipped,Delhivery,205
SH000401,O000401,2025-06-05,2025-06-08,2025-06-07,Not Shipped,Ecom Express,222
SH000402,O000402,2025-07-08,2025-07-11,2025-07-11,On Time,XpressBees,239
SH000403,O000403,2025-08-11,2025-08-14,2025-08-13,On Time,Blue Dart,76
SH000404,O000404,2025-09-14,2025-09-17,2025-09-17,On Time,Delhivery,93
SH000405,O000405,2025-10-17,2025-10-20,2025-10-19,On Time,Ecom Express,110
SH000406,O000406,2025-11-20,2025-11-23,2025-11-26,Late,XpressBees,127
SH000407,O000407,2025-12-23,2025-12-26,2025-12-25,On Time,Blue Dart,144
SH000408,O000408,2025-01-02,2025-01-05,2025-01-05,On Time,Delhivery,161
SH000409,O000409,2025-02-05,2025-02-08,2025-02-07,On Time,Ecom Express,178
SH000410,O000410,2025-03-08,2025-03-11,2025-03-11,On Time,XpressBees,195
SH000411,O000411,2025-04-11,2025-04-14,2025-04-13,On Time,Blue Dart,212
SH000412,O000412,2025-05-14,2025-05-17,2025-05-17,On Time,Delhivery,229
SH000413,O000413,2025-06-17,2025-06-20,2025-06-24,Late,Ecom Express,66
SH000414,O000414,2025-07-20,2025-07-23,2025-07-23,On Time,XpressBees,83
SH000415,O000415,2025-08-23,2025-08-26,2025-08-25,On Time,Blue Dart,100
SH000416,O000416,2025-09-02,2025-09-05,2025-09-05,On Time,Delhivery,117
SH000417,O000417,2025-10-05,2025-10-08,2025-10-07,On Time,Ecom Express,134
SH000418,O000418,2025-11-08,2025-11-11,2025-11-14,Late,XpressBees,151
SH000419,O000419,2025-12-11,2025-12-14,2025-12-13,On Time,Blue Dart,168
SH000420,O000420,2025-01-14,2025-01-17,2025-01-19,Not Shipped,Delhivery,185
SH000421,O000421,2025-02-17,2025-02-20,2025-02-19,Not Shipped,Ecom Express,202
SH000422,O000422,2025-03-20,2025-03-23,2025-03-23,On Time,XpressBees,219
SH000423,O000423,2025-04-23,2025-04-26,2025-04-25,On Time,Blue Dart,236
SH000424,O000424,2025-05-02,2025-05-05,2025-05-05,On Time,Delhivery,73
SH000425,O000425,2025-06-05,2025-06-08,2025-06-07,On Time,Ecom Express,90
SH000426,O000426,2025-07-08,2025-07-11,2025-07-11,On Time,XpressBees,107
SH000427,O000427,2025-08-11,2025-08-14,2025-08-17,Late,Blue Dart,124
SH000428,O000428,2025-09-14,2025-09-17,2025-09-17,On Time,Delhivery,141
SH000429,O000429,2025-10-17,2025-10-20,2025-10-19,On Time,Ecom Express,158
SH000430,O000430,2025-11-20,2025-11-23,2025-11-23,On Time,XpressBees,175
SH000431,O000431,2025-12-23,2025-12-26,2025-12-25,On Time,Blue Dart,192
SH000432,O000432,2025-01-02,2025-01-05,2025-01-05,On Time,Delhivery,209
SH000433,O000433,2025-02-05,2025-02-08,2025-02-07,On Time,Ecom Express,226
SH000434,O000434,2025-03-08,2025-03-11,2025-03-15,Late,XpressBees,243
SH000435,O000435,2025-04-11,2025-04-14,2025-04-13,On Time,Blue Dart,80
SH000436,O000436,2025-05-14,2025-05-17,2025-05-17,On Time,Delhivery,97
SH000437,O000437,2025-06-17,2025-06-20,2025-06-24,Late,Ecom Express,114
SH000438,O000438,2025-07-20,2025-07-23,2025-07-23,On Time,XpressBees,131
SH000439,O000439,2025-08-23,2025-08-26,2025-08-25,On Time,Blue Dart,148
SH000440,O000440,2025-09-02,2025-09-05,2025-09-05,Not Shipped,Delhivery,165
SH000441,O000441,2025-10-05,2025-10-08,2025-10-10,Not Shipped,Ecom Express,182
SH000442,O000442,2025-11-08,2025-11-11,2025-11-11,On Time,XpressBees,199
SH000443,O000443,2025-12-11,2025-12-14,2025-12-13,On Time,Blue Dart,216
SH000444,O000444,2025-01-14,2025-01-17,2025-01-17,On Time,Delhivery,233
SH000445,O000445,2025-02-17,2025-02-20,2025-02-19,On Time,Ecom Express,70
SH000446,O000446,2025-03-20,2025-03-23,2025-03-23,On Time,XpressBees,87
SH000447,O000447,2025-04-23,2025-04-26,2025-04-25,On Time,Blue Dart,104
SH000448,O000448,2025-05-02,2025-05-05,2025-05-08,Late,Delhivery,121
SH000449,O000449,2025-06-05,2025-06-08,2025-06-07,On Time,Ecom Express,138
SH000450,O000450,2025-07-08,2025-07-11,2025-07-11,On Time,XpressBees,155
SH000451,O000451,2025-08-11,2025-08-14,2025-08-13,On Time,Blue Dart,172
SH000452,O000452,2025-09-14,2025-09-17,2025-09-17,On Time,Delhivery,189
SH000453,O000453,2025-10-17,2025-10-20,2025-10-19,On Time,Ecom Express,206
SH000454,O000454,2025-11-20,2025-11-23,2025-11-23,On Time,XpressBees,223
SH000455,O000455,2025-12-23,2025-12-26,2025-12-30,Late,Blue Dart,240
SH000456,O000456,2025-01-02,2025-01-05,2025-01-07,Late,Delhivery,77
SH000457,O000457,2025-02-05,2025-02-08,2025-02-07,On Time,Ecom Express,94
SH000458,O000458,2025-03-08,2025-03-11,2025-03-11,On Time,XpressBees,111
SH000459,O000459,2025-04-11,2025-04-14,2025-04-13,On Time,Blue Dart,128
SH000460,O000460,2025-05-14,2025-05-17,2025-05-17,Not Shipped,Delhivery,145
SH000461,O000461,2025-06-17,2025-06-20,2025-06-19,Not Shipped,Ecom Express,162
SH000462,O000462,2025-07-20,2025-07-23,2025-07-25,Late,XpressBees,179
SH000463,O000463,2025-08-23,2025-08-26,2025-08-25,On Time,Blue Dart,196
SH000464,O000464,2025-09-02,2025-09-05,2025-09-05,On Time,Delhivery,213
SH000465,O000465,2025-10-05,2025-10-08,2025-10-07,On Time,Ecom Express,230
SH000466,O000466,2025-11-08,2025-11-11,2025-11-11,On Time,XpressBees,67
SH000467,O000467,2025-12-11,2025-12-14,2025-12-13,On Time,Blue Dart,84
SH000468,O000468,2025-01-14,2025-01-17,2025-01-17,On Time,Delhivery,101
SH000469,O000469,2025-02-17,2025-02-20,2025-02-23,Late,Ecom Express,118
SH000470,O000470,2025-03-20,2025-03-23,2025-03-23,On Time,XpressBees,135
SH000471,O000471,2025-04-23,2025-04-26,2025-04-25,On Time,Blue Dart,152
SH000472,O000472,2025-05-02,2025-05-05,2025-05-05,On Time,Delhivery,169
SH000473,O000473,2025-06-05,2025-06-08,2025-06-07,On Time,Ecom Express,186
SH000474,O000474,2025-07-08,2025-07-11,2025-07-11,On Time,XpressBees,203
SH000475,O000475,2025-08-11,2025-08-14,2025-08-17,Late,Blue Dart,220
SH000476,O000476,2025-09-14,2025-09-17,2025-09-21,Late,Delhivery,237
SH000477,O000477,2025-10-17,2025-10-20,2025-10-19,On Time,Ecom Express,74
SH000478,O000478,2025-11-20,2025-11-23,2025-11-23,On Time,XpressBees,91
SH000479,O000479,2025-12-23,2025-12-26,2025-12-25,On Time,Blue Dart,108
SH000480,O000480,2025-01-02,2025-01-05,2025-01-05,Not Shipped,Delhivery,125
SH000481,O000481,2025-02-05,2025-02-08,2025-02-07,Not Shipped,Ecom Express,142
SH000482,O000482,2025-03-08,2025-03-11,2025-03-11,On Time,XpressBees,159
SH000483,O000483,2025-04-11,2025-04-14,2025-04-16,Late,Blue Dart,176
SH000484,O000484,2025-05-14,2025-05-17,2025-05-17,On Time,Delhivery,193
SH000485,O000485,2025-06-17,2025-06-20,2025-06-19,On Time,Ecom Express,210
SH000486,O000486,2025-07-20,2025-07-23,2025-07-23,On Time,XpressBees,227
SH000487,O000487,2025-08-23,2025-08-26,2025-08-25,On Time,Blue Dart,244
SH000488,O000488,2025-09-02,2025-09-05,2025-09-05,On Time,Delhivery,81
SH000489,O000489,2025-10-05,2025-10-08,2025-10-07,On Time,Ecom Express,98
SH000490,O000490,2025-11-08,2025-11-11,2025-11-14,Late,XpressBees,115
SH000491,O000491,2025-12-11,2025-12-14,2025-12-13,On Time,Blue Dart,132
SH000492,O000492,2025-01-14,2025-01-17,2025-01-17,On Time,Delhivery,149
SH000493,O000493,2025-02-17,2025-02-20,2025-02-19,On Time,Ecom Express,166
SH000494,O000494,2025-03-20,2025-03-23,2025-03-27,Late,XpressBees,183
SH000495,O000495,2025-04-23,2025-04-26,2025-04-25,On Time,Blue Dart,200
SH000496,O000496,2025-05-02,2025-05-05,2025-05-05,On Time,Delhivery,217
SH000497,O000497,2025-06-05,2025-06-08,2025-06-12,Late,Ecom Express,234
SH000498,O000498,2025-07-08,2025-07-11,2025-07-11,On Time,XpressBees,71
SH000499,O000499,2025-08-11,2025-08-14,2025-08-13,On Time,Blue Dart,88
SH000500,O000500,2025-09-14,2025-09-17,2025-09-17,Not Shipped,Delhivery,105
SH000501,O000501,2025-10-17,2025-10-20,2025-10-19,Not Shipped,Ecom Express,122
SH000502,O000502,2025-11-20,2025-11-23,2025-11-23,On Time,XpressBees,139
SH000503,O000503,2025-12-23,2025-12-26,2025-12-25,On Time,Blue Dart,156
SH000504,O000504,2025-01-02,2025-01-05,2025-01-07,Late,Delhivery,173
SH000505,O000505,2025-02-05,2025-02-08,2025-02-07,On Time,Ecom Express,190
SH000506,O000506,2025-03-08,2025-03-11,2025-03-11,On Time,XpressBees,207
SH000507,O000507,2025-04-11,2025-04-14,2025-04-13,On Time,Blue Dart,224
SH000508,O000508,2025-05-14,2025-05-17,2025-05-17,On Time,Delhivery,241
SH000509,O000509,2025-06-17,2025-06-20,2025-06-19,On Time,Ecom Express,78
SH000510,O000510,2025-07-20,2025-07-23,2025-07-23,On Time,XpressBees,95
SH000511,O000511,2025-08-23,2025-08-26,2025-08-29,Late,Blue Dart,112
SH000512,O000512,2025-09-02,2025-09-05,2025-09-05,On Time,Delhivery,129
SH000513,O000513,2025-10-05,2025-10-08,2025-10-10,Late,Ecom Express,146
SH000514,O000514,2025-11-08,2025-11-11,2025-11-11,On Time,XpressBees,163
SH000515,O000515,2025-12-11,2025-12-14,2025-12-13,On Time,Blue Dart,180
SH000516,O000516,2025-01-14,2025-01-17,2025-01-17,On Time,Delhivery,197
SH000517,O000517,2025-02-17,2025-02-20,2025-02-19,On Time,Ecom Express,214
SH000518,O000518,2025-03-20,2025-03-23,2025-03-27,Late,XpressBees,231
SH000519,O000519,2025-04-23,2025-04-26,2025-04-25,On Time,Blue Dart,68
SH000520,O000520,2025-05-02,2025-05-05,2025-05-05,Not Shipped,Delhivery,85
SH000521,O000521,2025-06-05,2025-06-08,2025-06-07,Not Shipped,Ecom Express,102
SH000522,O000522,2025-07-08,2025-07-11,2025-07-11,On Time,XpressBees,119
SH000523,O000523,2025-08-11,2025-08-14,2025-08-13,On Time,Blue Dart,136
SH000524,O000524,2025-09-14,2025-09-17,2025-09-17,On Time,Delhivery,153
SH000525,O000525,2025-10-17,2025-10-20,2025-10-22,Late,Ecom Express,170
SH000526,O000526,2025-11-20,2025-11-23,2025-11-23,On Time,XpressBees,187
SH000527,O000527,2025-12-23,2025-12-26,2025-12-25,On Time,Blue Dart,204
SH000528,O000528,2025-01-02,2025-01-05,2025-01-05,On Time,Delhivery,221
SH000529,O000529,2025-02-05,2025-02-08,2025-02-07,On Time,Ecom Express,238
SH000530,O000530,2025-03-08,2025-03-11,2025-03-11,On Time,XpressBees,75
SH000531,O000531,2025-04-11,2025-04-14,2025-04-13,On Time,Blue Dart,92
SH000532,O000532,2025-05-14,2025-05-17,2025-05-20,Late,Delhivery,109
SH000533,O000533,2025-06-17,2025-06-20,2025-06-19,On Time,Ecom Express,126
SH000534,O000534,2025-07-20,2025-07-23,2025-07-23,On Time,XpressBees,143
SH000535,O000535,2025-08-23,2025-08-26,2025-08-25,On Time,Blue Dart,160
SH000536,O000536,2025-09-02,2025-09-05,2025-09-05,On Time,Delhivery,177
SH000537,O000537,2025-10-05,2025-10-08,2025-10-07,On Time,Ecom Express,194
SH000538,O000538,2025-11-08,2025-11-11,2025-11-11,On Time,XpressBees,211
SH000539,O000539,2025-12-11,2025-12-14,2025-12-18,Late,Blue Dart,228
SH000540,O000540,2025-01-14,2025-01-17,2025-01-17,Not Shipped,Delhivery,65
SH000541,O000541,2025-02-17,2025-02-20,2025-02-19,Not Shipped,Ecom Express,82
SH000542,O000542,2025-03-20,2025-03-23,2025-03-23,On Time,XpressBees,99
SH000543,O000543,2025-04-23,2025-04-26,2025-04-25,On Time,Blue Dart,116
SH000544,O000544,2025-05-02,2025-05-05,2025-05-05,On Time,Delhivery,133
SH000545,O000545,2025-06-05,2025-06-08,2025-06-07,On Time,Ecom Express,150
SH000546,O000546,2025-07-08,2025-07-11,2025-07-13,Late,XpressBees,167
SH000547,O000547,2025-08-11,2025-08-14,2025-08-13,On Time,Blue Dart,184
SH000548,O000548,2025-09-14,2025-09-17,2025-09-17,On Time,Delhivery,201
SH000549,O000549,2025-10-17,2025-10-20,2025-10-19,On Time,Ecom Express,218
SH000550,O000550,2025-11-20,2025-11-23,2025-11-23,On Time,XpressBees,235
SH000551,O000551,2025-12-23,2025-12-26,2025-12-30,Late,Blue Dart,72
SH000552,O000552,2025-01-02,2025-01-05,2025-01-05,On Time,Delhivery,89
SH000553,O000553,2025-02-05,2025-02-08,2025-02-11,Late,Ecom Express,106
SH000554,O000554,2025-03-08,2025-03-11,2025-03-11,On Time,XpressBees,123
SH000555,O000555,2025-04-11,2025-04-14,2025-04-13,On Time,Blue Dart,140
SH000556,O000556,2025-05-14,2025-05-17,2025-05-17,On Time,Delhivery,157
SH000557,O000557,2025-06-17,2025-06-20,2025-06-19,On Time,Ecom Express,174
SH000558,O000558,2025-07-20,2025-07-23,2025-07-23,On Time,XpressBees,191
SH000559,O000559,2025-08-23,2025-08-26,2025-08-25,On Time,Blue Dart,208
SH000560,O000560,2025-09-02,2025-09-05,2025-09-09,Not Shipped,Delhivery,225
SH000561,O000561,2025-10-05,2025-10-08,2025-10-07,Not Shipped,Ecom Express,242
SH000562,O000562,2025-11-08,2025-11-11,2025-11-11,On Time,XpressBees,79
SH000563,O000563,2025-12-11,2025-12-14,2025-12-13,On Time,Blue Dart,96
SH000564,O000564,2025-01-14,2025-01-17,2025-01-17,On Time,Delhivery,113
SH000565,O000565,2025-02-17,2025-02-20,2025-02-19,On Time,Ecom Express,130
SH000566,O000566,2025-03-20,2025-03-23,2025-03-23,On Time,XpressBees,147
SH000567,O000567,2025-04-23,2025-04-26,2025-04-28,Late,Blue Dart,164
SH000568,O000568,2025-05-02,2025-05-05,2025-05-05,On Time,Delhivery,181
SH000569,O000569,2025-06-05,2025-06-08,2025-06-07,On Time,Ecom Express,198
SH000570,O000570,2025-07-08,2025-07-11,2025-07-13,Late,XpressBees,215
SH000571,O000571,2025-08-11,2025-08-14,2025-08-13,On Time,Blue Dart,232
SH000572,O000572,2025-09-14,2025-09-17,2025-09-17,On Time,Delhivery,69
SH000573,O000573,2025-10-17,2025-10-20,2025-10-19,On Time,Ecom Express,86
SH000574,O000574,2025-11-20,2025-11-23,2025-11-26,Late,XpressBees,103
SH000575,O000575,2025-12-23,2025-12-26,2025-12-25,On Time,Blue Dart,120
SH000576,O000576,2025-01-02,2025-01-05,2025-01-05,On Time,Delhivery,137
SH000577,O000577,2025-02-05,2025-02-08,2025-02-07,On Time,Ecom Express,154
SH000578,O000578,2025-03-08,2025-03-11,2025-03-11,On Time,XpressBees,171
SH000579,O000579,2025-04-11,2025-04-14,2025-04-13,On Time,Blue Dart,188
SH000580,O000580,2025-05-14,2025-05-17,2025-05-17,Not Shipped,Delhivery,205
SH000581,O000581,2025-06-17,2025-06-20,2025-06-24,Not Shipped,Ecom Express,222
SH000582,O000582,2025-07-20,2025-07-23,2025-07-23,On Time,XpressBees,239
SH000583,O000583,2025-08-23,2025-08-26,2025-08-25,On Time,Blue Dart,76
SH000584,O000584,2025-09-02,2025-09-05,2025-09-05,On Time,Delhivery,93
SH000585,O000585,2025-10-05,2025-10-08,2025-10-07,On Time,Ecom Express,110
SH000586,O000586,2025-11-08,2025-11-11,2025-11-11,On Time,XpressBees,127
SH000587,O000587,2025-12-11,2025-12-14,2025-12-13,On Time,Blue Dart,144
SH000588,O000588,2025-01-14,2025-01-17,2025-01-19,Late,Delhivery,161
SH000589,O000589,2025-02-17,2025-02-20,2025-02-23,Late,Ecom Express,178
SH000590,O000590,2025-03-20,2025-03-23,2025-03-23,On Time,XpressBees,195
SH000591,O000591,2025-04-23,2025-04-26,2025-04-25,On Time,Blue Dart,212
SH000592,O000592,2025-05-02,2025-05-05,2025-05-05,On Time,Delhivery,229
SH000593,O000593,2025-06-05,2025-06-08,2025-06-07,On Time,Ecom Express,66
SH000594,O000594,2025-07-08,2025-07-11,2025-07-11,On Time,XpressBees,83
SH000595,O000595,2025-08-11,2025-08-14,2025-08-17,Late,Blue Dart,100
SH000596,O000596,2025-09-14,2025-09-17,2025-09-17,On Time,Delhivery,117
SH000597,O000597,2025-10-17,2025-10-20,2025-10-19,On Time,Ecom Express,134
SH000598,O000598,2025-11-20,2025-11-23,2025-11-23,On Time,XpressBees,151
SH000599,O000599,2025-12-23,2025-12-26,2025-12-25,On Time,Blue Dart,168
SH000600,O000600,2025-01-02,2025-01-05,2025-01-05,Not Shipped,Delhivery,185
